--
-- PostgreSQL database dump
--

-- Dumped from database version 17.5
-- Dumped by pg_dump version 17.5

-- Started on 2026-03-16 16:19:30

SET statement_timeout = 0;
SET lock_timeout = 0;
SET idle_in_transaction_session_timeout = 0;
SET transaction_timeout = 0;
SET client_encoding = 'UTF8';
SET standard_conforming_strings = on;
SELECT pg_catalog.set_config('search_path', '', false);
SET check_function_bodies = false;
SET xmloption = content;
SET client_min_messages = warning;
SET row_security = off;

SET default_tablespace = '';

SET default_table_access_method = heap;

--
-- TOC entry 270 (class 1259 OID 50039)
-- Name: AI_ReviewAnalysis; Type: TABLE; Schema: public; Owner: postgres
--

CREATE TABLE public."AI_ReviewAnalysis" (
    "AnalysisID" integer NOT NULL,
    "MaDanhGiaDonHang" integer NOT NULL,
    "Sentiment" character varying(20),
    "Severity" character varying(20),
    "FoodIssue" text,
    "DriverIssue" text,
    "StoreIssue" text,
    "OtherIssue" text,
    "MentionLate" boolean,
    "RawJSON" jsonb,
    "NgayPhanTich" timestamp without time zone DEFAULT now()
);


ALTER TABLE public."AI_ReviewAnalysis" OWNER TO postgres;

--
-- TOC entry 269 (class 1259 OID 50038)
-- Name: AI_ReviewAnalysis_AnalysisID_seq; Type: SEQUENCE; Schema: public; Owner: postgres
--

CREATE SEQUENCE public."AI_ReviewAnalysis_AnalysisID_seq"
    AS integer
    START WITH 1
    INCREMENT BY 1
    NO MINVALUE
    NO MAXVALUE
    CACHE 1;


ALTER SEQUENCE public."AI_ReviewAnalysis_AnalysisID_seq" OWNER TO postgres;

--
-- TOC entry 5269 (class 0 OID 0)
-- Dependencies: 269
-- Name: AI_ReviewAnalysis_AnalysisID_seq; Type: SEQUENCE OWNED BY; Schema: public; Owner: postgres
--

ALTER SEQUENCE public."AI_ReviewAnalysis_AnalysisID_seq" OWNED BY public."AI_ReviewAnalysis"."AnalysisID";


--
-- TOC entry 233 (class 1259 OID 25824)
-- Name: BienTheMonAn; Type: TABLE; Schema: public; Owner: postgres
--

CREATE TABLE public."BienTheMonAn" (
    "MaBienThe" integer NOT NULL,
    "MaMonAn" integer NOT NULL,
    "MaSize" integer,
    "GiaBan" numeric(10,2) NOT NULL,
    "TrangThai" character varying(20) DEFAULT 'Active'::character varying
);


ALTER TABLE public."BienTheMonAn" OWNER TO postgres;

--
-- TOC entry 232 (class 1259 OID 25823)
-- Name: BienTheMonAn_MaBienThe_seq; Type: SEQUENCE; Schema: public; Owner: postgres
--

ALTER TABLE public."BienTheMonAn" ALTER COLUMN "MaBienThe" ADD GENERATED BY DEFAULT AS IDENTITY (
    SEQUENCE NAME public."BienTheMonAn_MaBienThe_seq"
    START WITH 1
    INCREMENT BY 1
    NO MINVALUE
    NO MAXVALUE
    CACHE 1
);


--
-- TOC entry 249 (class 1259 OID 25895)
-- Name: ChiTietDonHang; Type: TABLE; Schema: public; Owner: postgres
--

CREATE TABLE public."ChiTietDonHang" (
    "MaChiTiet" integer NOT NULL,
    "MaDonHang" integer NOT NULL,
    "MaBienThe" integer NOT NULL,
    "MaDeBanh" integer,
    "SoLuong" integer DEFAULT 1 NOT NULL,
    "DonGia" numeric(10,2) NOT NULL,
    "ThanhTien" numeric(10,2) NOT NULL,
    "Loai" character varying(20) DEFAULT 'SP'::character varying NOT NULL,
    "MaCombo" integer
);


ALTER TABLE public."ChiTietDonHang" OWNER TO postgres;

--
-- TOC entry 258 (class 1259 OID 33425)
-- Name: ChiTietDonHang_ChiTietCombo; Type: TABLE; Schema: public; Owner: postgres
--

CREATE TABLE public."ChiTietDonHang_ChiTietCombo" (
    "MaCTDH_Combo" integer NOT NULL,
    "MaChiTietDonHang" integer NOT NULL,
    "SoLuong" integer DEFAULT 1 NOT NULL,
    "MaBienThe" integer,
    "MaDeBanh" integer
);


ALTER TABLE public."ChiTietDonHang_ChiTietCombo" OWNER TO postgres;

--
-- TOC entry 257 (class 1259 OID 33424)
-- Name: ChiTietDonHang_ChiTietCombo_MaCTDH_Combo_seq; Type: SEQUENCE; Schema: public; Owner: postgres
--

CREATE SEQUENCE public."ChiTietDonHang_ChiTietCombo_MaCTDH_Combo_seq"
    AS integer
    START WITH 1
    INCREMENT BY 1
    NO MINVALUE
    NO MAXVALUE
    CACHE 1;


ALTER SEQUENCE public."ChiTietDonHang_ChiTietCombo_MaCTDH_Combo_seq" OWNER TO postgres;

--
-- TOC entry 5270 (class 0 OID 0)
-- Dependencies: 257
-- Name: ChiTietDonHang_ChiTietCombo_MaCTDH_Combo_seq; Type: SEQUENCE OWNED BY; Schema: public; Owner: postgres
--

ALTER SEQUENCE public."ChiTietDonHang_ChiTietCombo_MaCTDH_Combo_seq" OWNED BY public."ChiTietDonHang_ChiTietCombo"."MaCTDH_Combo";


--
-- TOC entry 248 (class 1259 OID 25894)
-- Name: ChiTietDonHang_MaChiTiet_seq; Type: SEQUENCE; Schema: public; Owner: postgres
--

ALTER TABLE public."ChiTietDonHang" ALTER COLUMN "MaChiTiet" ADD GENERATED BY DEFAULT AS IDENTITY (
    SEQUENCE NAME public."ChiTietDonHang_MaChiTiet_seq"
    START WITH 1
    INCREMENT BY 1
    NO MINVALUE
    NO MAXVALUE
    CACHE 1
);


--
-- TOC entry 250 (class 1259 OID 25901)
-- Name: ChiTietDonHang_TuyChon; Type: TABLE; Schema: public; Owner: postgres
--

CREATE TABLE public."ChiTietDonHang_TuyChon" (
    "MaChiTiet" integer NOT NULL,
    "MaTuyChon" integer NOT NULL,
    "GiaThem" numeric(10,2) NOT NULL
);


ALTER TABLE public."ChiTietDonHang_TuyChon" OWNER TO postgres;

--
-- TOC entry 220 (class 1259 OID 25767)
-- Name: CoSo; Type: TABLE; Schema: public; Owner: postgres
--

CREATE TABLE public."CoSo" (
    "MaCoSo" integer NOT NULL,
    "TenCoSo" character varying(255) NOT NULL,
    "SoDienThoai" character varying(20),
    "SoNhaDuong" character varying(255),
    "PhuongXa" character varying(100),
    "QuanHuyen" character varying(100),
    "ThanhPho" character varying(100),
    "KinhDo" numeric(11,8),
    "ViDo" numeric(10,8)
);


ALTER TABLE public."CoSo" OWNER TO postgres;

--
-- TOC entry 219 (class 1259 OID 25766)
-- Name: CoSo_MaCoSo_seq; Type: SEQUENCE; Schema: public; Owner: postgres
--

ALTER TABLE public."CoSo" ALTER COLUMN "MaCoSo" ADD GENERATED BY DEFAULT AS IDENTITY (
    SEQUENCE NAME public."CoSo_MaCoSo_seq"
    START WITH 1
    INCREMENT BY 1
    NO MINVALUE
    NO MAXVALUE
    CACHE 1
);


--
-- TOC entry 256 (class 1259 OID 33347)
-- Name: Combo; Type: TABLE; Schema: public; Owner: postgres
--

CREATE TABLE public."Combo" (
    "MaCombo" integer NOT NULL,
    "TenCombo" character varying(255) NOT NULL,
    "MoTa" text,
    "HinhAnh" character varying(255),
    "GiaCombo" numeric(10,2) NOT NULL,
    "TrangThai" character varying(20) DEFAULT 'Active'::character varying,
    "NgayTao" timestamp without time zone DEFAULT now(),
    "NgayCapNhat" timestamp without time zone DEFAULT now(),
    "ThoiGianHetHan" timestamp without time zone DEFAULT '2999-12-31 23:59:59'::timestamp without time zone NOT NULL
);


ALTER TABLE public."Combo" OWNER TO postgres;

--
-- TOC entry 265 (class 1259 OID 33610)
-- Name: Combo_ChiTiet; Type: TABLE; Schema: public; Owner: postgres
--

CREATE TABLE public."Combo_ChiTiet" (
    "MaCTCombo" integer NOT NULL,
    "MaCombo" integer NOT NULL,
    "MaBienThe" integer NOT NULL,
    "SoLuong" integer DEFAULT 1 NOT NULL,
    "MaDeBanh" integer
);


ALTER TABLE public."Combo_ChiTiet" OWNER TO postgres;

--
-- TOC entry 264 (class 1259 OID 33609)
-- Name: Combo_ChiTiet_MaCTCombo_seq; Type: SEQUENCE; Schema: public; Owner: postgres
--

ALTER TABLE public."Combo_ChiTiet" ALTER COLUMN "MaCTCombo" ADD GENERATED BY DEFAULT AS IDENTITY (
    SEQUENCE NAME public."Combo_ChiTiet_MaCTCombo_seq"
    START WITH 1
    INCREMENT BY 1
    NO MINVALUE
    NO MAXVALUE
    CACHE 1
);


--
-- TOC entry 255 (class 1259 OID 33346)
-- Name: Combo_MaCombo_seq; Type: SEQUENCE; Schema: public; Owner: postgres
--

CREATE SEQUENCE public."Combo_MaCombo_seq"
    AS integer
    START WITH 1
    INCREMENT BY 1
    NO MINVALUE
    NO MAXVALUE
    CACHE 1;


ALTER SEQUENCE public."Combo_MaCombo_seq" OWNER TO postgres;

--
-- TOC entry 5271 (class 0 OID 0)
-- Dependencies: 255
-- Name: Combo_MaCombo_seq; Type: SEQUENCE OWNED BY; Schema: public; Owner: postgres
--

ALTER SEQUENCE public."Combo_MaCombo_seq" OWNED BY public."Combo"."MaCombo";


--
-- TOC entry 254 (class 1259 OID 25918)
-- Name: DanhGiaDonHang; Type: TABLE; Schema: public; Owner: postgres
--

CREATE TABLE public."DanhGiaDonHang" (
    "MaDanhGiaDonHang" integer NOT NULL,
    "MaDonHang" integer NOT NULL,
    "SoSao" integer NOT NULL,
    "BinhLuan" text,
    "NgayDanhGia" timestamp without time zone DEFAULT now() NOT NULL
);


ALTER TABLE public."DanhGiaDonHang" OWNER TO postgres;

--
-- TOC entry 260 (class 1259 OID 33450)
-- Name: DanhGiaMonAn; Type: TABLE; Schema: public; Owner: postgres
--

CREATE TABLE public."DanhGiaMonAn" (
    "MaDanhGiaMonAn" integer NOT NULL,
    "MaMonAn" integer NOT NULL,
    "MaTaiKhoan" integer NOT NULL,
    "SoSao" smallint NOT NULL,
    "NoiDung" text,
    "NgayDanhGia" timestamp without time zone DEFAULT now(),
    "TrangThai" character varying(20) DEFAULT 'Chờ duyệt'::character varying,
    CONSTRAINT "DanhGiaMonAn_SoSao_check" CHECK ((("SoSao" >= 1) AND ("SoSao" <= 5)))
);


ALTER TABLE public."DanhGiaMonAn" OWNER TO postgres;

--
-- TOC entry 259 (class 1259 OID 33449)
-- Name: DanhGiaMonAn_MaDanhGiaMonAn_seq; Type: SEQUENCE; Schema: public; Owner: postgres
--

CREATE SEQUENCE public."DanhGiaMonAn_MaDanhGiaMonAn_seq"
    AS integer
    START WITH 1
    INCREMENT BY 1
    NO MINVALUE
    NO MAXVALUE
    CACHE 1;


ALTER SEQUENCE public."DanhGiaMonAn_MaDanhGiaMonAn_seq" OWNER TO postgres;

--
-- TOC entry 5272 (class 0 OID 0)
-- Dependencies: 259
-- Name: DanhGiaMonAn_MaDanhGiaMonAn_seq; Type: SEQUENCE OWNED BY; Schema: public; Owner: postgres
--

ALTER SEQUENCE public."DanhGiaMonAn_MaDanhGiaMonAn_seq" OWNED BY public."DanhGiaMonAn"."MaDanhGiaMonAn";


--
-- TOC entry 253 (class 1259 OID 25917)
-- Name: DanhGia_MaDanhGia_seq; Type: SEQUENCE; Schema: public; Owner: postgres
--

ALTER TABLE public."DanhGiaDonHang" ALTER COLUMN "MaDanhGiaDonHang" ADD GENERATED BY DEFAULT AS IDENTITY (
    SEQUENCE NAME public."DanhGia_MaDanhGia_seq"
    START WITH 1
    INCREMENT BY 1
    NO MINVALUE
    NO MAXVALUE
    CACHE 1
);


--
-- TOC entry 226 (class 1259 OID 25795)
-- Name: DanhMuc; Type: TABLE; Schema: public; Owner: postgres
--

CREATE TABLE public."DanhMuc" (
    "MaDanhMuc" integer NOT NULL,
    "TenDanhMuc" character varying(100) NOT NULL
);


ALTER TABLE public."DanhMuc" OWNER TO postgres;

--
-- TOC entry 225 (class 1259 OID 25794)
-- Name: DanhMuc_MaDanhMuc_seq; Type: SEQUENCE; Schema: public; Owner: postgres
--

ALTER TABLE public."DanhMuc" ALTER COLUMN "MaDanhMuc" ADD GENERATED BY DEFAULT AS IDENTITY (
    SEQUENCE NAME public."DanhMuc_MaDanhMuc_seq"
    START WITH 1
    INCREMENT BY 1
    NO MINVALUE
    NO MAXVALUE
    CACHE 1
);


--
-- TOC entry 235 (class 1259 OID 25830)
-- Name: DeBanh; Type: TABLE; Schema: public; Owner: postgres
--

CREATE TABLE public."DeBanh" (
    "MaDeBanh" integer NOT NULL,
    "TenDeBanh" character varying(100) NOT NULL
);


ALTER TABLE public."DeBanh" OWNER TO postgres;

--
-- TOC entry 234 (class 1259 OID 25829)
-- Name: DeBanh_MaDeBanh_seq; Type: SEQUENCE; Schema: public; Owner: postgres
--

ALTER TABLE public."DeBanh" ALTER COLUMN "MaDeBanh" ADD GENERATED BY DEFAULT AS IDENTITY (
    SEQUENCE NAME public."DeBanh_MaDeBanh_seq"
    START WITH 1
    INCREMENT BY 1
    NO MINVALUE
    NO MAXVALUE
    CACHE 1
);


--
-- TOC entry 245 (class 1259 OID 25877)
-- Name: DonHang; Type: TABLE; Schema: public; Owner: postgres
--

CREATE TABLE public."DonHang" (
    "MaDonHang" integer NOT NULL,
    "MaNguoiDung" integer,
    "MaCoSo" integer NOT NULL,
    "MaNguoiDungGiaoHang" integer,
    "MaVoucher" character varying(50),
    "NgayDat" timestamp without time zone DEFAULT now() NOT NULL,
    "ThoiGianGiaoDuKien" timestamp without time zone,
    "TienTruocGiamGia" numeric(10,2),
    "TienGiamGia" numeric(10,2),
    "TongTien" numeric(10,2) NOT NULL,
    "GhiChu" text,
    "TenNguoiNhan" character varying(255),
    "SoDienThoaiGiaoHang" character varying(20),
    "SoNhaDuongGiaoHang" character varying(255),
    "PhuongXaGiaoHang" character varying(100),
    "QuanHuyenGiaoHang" character varying(100),
    "ThanhPhoGiaoHang" character varying(100),
    "PhiShip" numeric(10,2) DEFAULT 0 NOT NULL
);


ALTER TABLE public."DonHang" OWNER TO postgres;

--
-- TOC entry 244 (class 1259 OID 25876)
-- Name: DonHang_MaDonHang_seq; Type: SEQUENCE; Schema: public; Owner: postgres
--

ALTER TABLE public."DonHang" ALTER COLUMN "MaDonHang" ADD GENERATED BY DEFAULT AS IDENTITY (
    SEQUENCE NAME public."DonHang_MaDonHang_seq"
    START WITH 1
    INCREMENT BY 1
    NO MINVALUE
    NO MAXVALUE
    CACHE 1
);


--
-- TOC entry 268 (class 1259 OID 41836)
-- Name: DonHang_QuaTang; Type: TABLE; Schema: public; Owner: postgres
--

CREATE TABLE public."DonHang_QuaTang" (
    "MaDonHang" integer NOT NULL,
    "MaQuaTang" integer NOT NULL,
    "SoLuong" integer DEFAULT 1
);


ALTER TABLE public."DonHang_QuaTang" OWNER TO postgres;

--
-- TOC entry 262 (class 1259 OID 33475)
-- Name: KhuyenMai; Type: TABLE; Schema: public; Owner: postgres
--

CREATE TABLE public."KhuyenMai" (
    "MaKhuyenMai" integer NOT NULL,
    "TenKhuyenMai" character varying(255) NOT NULL,
    "MoTa" text,
    "KMLoai" character varying(20) NOT NULL,
    "KMGiaTri" numeric(10,2) NOT NULL,
    "KMBatDau" timestamp without time zone NOT NULL,
    "KMKetThuc" timestamp without time zone NOT NULL,
    "TrangThai" character varying(20) DEFAULT 'Active'::character varying
);


ALTER TABLE public."KhuyenMai" OWNER TO postgres;

--
-- TOC entry 261 (class 1259 OID 33474)
-- Name: KhuyenMai_MaKhuyenMai_seq; Type: SEQUENCE; Schema: public; Owner: postgres
--

CREATE SEQUENCE public."KhuyenMai_MaKhuyenMai_seq"
    AS integer
    START WITH 1
    INCREMENT BY 1
    NO MINVALUE
    NO MAXVALUE
    CACHE 1;


ALTER SEQUENCE public."KhuyenMai_MaKhuyenMai_seq" OWNER TO postgres;

--
-- TOC entry 5273 (class 0 OID 0)
-- Dependencies: 261
-- Name: KhuyenMai_MaKhuyenMai_seq; Type: SEQUENCE OWNED BY; Schema: public; Owner: postgres
--

ALTER SEQUENCE public."KhuyenMai_MaKhuyenMai_seq" OWNED BY public."KhuyenMai"."MaKhuyenMai";


--
-- TOC entry 247 (class 1259 OID 25886)
-- Name: LichSuTrangThaiDonHang; Type: TABLE; Schema: public; Owner: postgres
--

CREATE TABLE public."LichSuTrangThaiDonHang" (
    "MaLichSu" integer NOT NULL,
    "MaDonHang" integer NOT NULL,
    "TrangThai" character varying(50) NOT NULL,
    "ThoiGianCapNhat" timestamp without time zone DEFAULT now() NOT NULL,
    "GhiChu" text
);


ALTER TABLE public."LichSuTrangThaiDonHang" OWNER TO postgres;

--
-- TOC entry 246 (class 1259 OID 25885)
-- Name: LichSuTrangThaiDonHang_MaLichSu_seq; Type: SEQUENCE; Schema: public; Owner: postgres
--

ALTER TABLE public."LichSuTrangThaiDonHang" ALTER COLUMN "MaLichSu" ADD GENERATED BY DEFAULT AS IDENTITY (
    SEQUENCE NAME public."LichSuTrangThaiDonHang_MaLichSu_seq"
    START WITH 1
    INCREMENT BY 1
    NO MINVALUE
    NO MAXVALUE
    CACHE 1
);


--
-- TOC entry 224 (class 1259 OID 25787)
-- Name: LoaiMonAn; Type: TABLE; Schema: public; Owner: postgres
--

CREATE TABLE public."LoaiMonAn" (
    "MaLoaiMonAn" integer NOT NULL,
    "TenLoaiMonAn" character varying(100) NOT NULL
);


ALTER TABLE public."LoaiMonAn" OWNER TO postgres;

--
-- TOC entry 223 (class 1259 OID 25786)
-- Name: LoaiMonAn_MaLoaiMonAn_seq; Type: SEQUENCE; Schema: public; Owner: postgres
--

ALTER TABLE public."LoaiMonAn" ALTER COLUMN "MaLoaiMonAn" ADD GENERATED BY DEFAULT AS IDENTITY (
    SEQUENCE NAME public."LoaiMonAn_MaLoaiMonAn_seq"
    START WITH 1
    INCREMENT BY 1
    NO MINVALUE
    NO MAXVALUE
    CACHE 1
);


--
-- TOC entry 238 (class 1259 OID 25843)
-- Name: LoaiTuyChon; Type: TABLE; Schema: public; Owner: postgres
--

CREATE TABLE public."LoaiTuyChon" (
    "MaLoaiTuyChon" integer NOT NULL,
    "TenLoaiTuyChon" character varying(100) NOT NULL
);


ALTER TABLE public."LoaiTuyChon" OWNER TO postgres;

--
-- TOC entry 237 (class 1259 OID 25842)
-- Name: LoaiTuyChon_MaLoaiTuyChon_seq; Type: SEQUENCE; Schema: public; Owner: postgres
--

ALTER TABLE public."LoaiTuyChon" ALTER COLUMN "MaLoaiTuyChon" ADD GENERATED BY DEFAULT AS IDENTITY (
    SEQUENCE NAME public."LoaiTuyChon_MaLoaiTuyChon_seq"
    START WITH 1
    INCREMENT BY 1
    NO MINVALUE
    NO MAXVALUE
    CACHE 1
);


--
-- TOC entry 228 (class 1259 OID 25803)
-- Name: MonAn; Type: TABLE; Schema: public; Owner: postgres
--

CREATE TABLE public."MonAn" (
    "MaMonAn" integer NOT NULL,
    "TenMonAn" character varying(255) NOT NULL,
    "MoTa" text,
    "HinhAnh" character varying(255),
    "MaLoaiMonAn" integer NOT NULL,
    "TrangThai" character varying(20) DEFAULT 'Active'::character varying,
    "DeXuat" boolean DEFAULT false NOT NULL
);


ALTER TABLE public."MonAn" OWNER TO postgres;

--
-- TOC entry 229 (class 1259 OID 25810)
-- Name: MonAn_DanhMuc; Type: TABLE; Schema: public; Owner: postgres
--

CREATE TABLE public."MonAn_DanhMuc" (
    "MaMonAn" integer NOT NULL,
    "MaDanhMuc" integer NOT NULL
);


ALTER TABLE public."MonAn_DanhMuc" OWNER TO postgres;

--
-- TOC entry 236 (class 1259 OID 25837)
-- Name: MonAn_DeBanh; Type: TABLE; Schema: public; Owner: postgres
--

CREATE TABLE public."MonAn_DeBanh" (
    "MaMonAn" integer NOT NULL,
    "MaDeBanh" integer NOT NULL
);


ALTER TABLE public."MonAn_DeBanh" OWNER TO postgres;

--
-- TOC entry 263 (class 1259 OID 33484)
-- Name: MonAn_KhuyenMai; Type: TABLE; Schema: public; Owner: postgres
--

CREATE TABLE public."MonAn_KhuyenMai" (
    "MaMonAn" integer NOT NULL,
    "MaKhuyenMai" integer NOT NULL
);


ALTER TABLE public."MonAn_KhuyenMai" OWNER TO postgres;

--
-- TOC entry 227 (class 1259 OID 25802)
-- Name: MonAn_MaMonAn_seq; Type: SEQUENCE; Schema: public; Owner: postgres
--

ALTER TABLE public."MonAn" ALTER COLUMN "MaMonAn" ADD GENERATED BY DEFAULT AS IDENTITY (
    SEQUENCE NAME public."MonAn_MaMonAn_seq"
    START WITH 1
    INCREMENT BY 1
    NO MINVALUE
    NO MAXVALUE
    CACHE 1
);


--
-- TOC entry 242 (class 1259 OID 25862)
-- Name: MonAn_TuyChon; Type: TABLE; Schema: public; Owner: postgres
--

CREATE TABLE public."MonAn_TuyChon" (
    "MaMonAn" integer NOT NULL,
    "MaTuyChon" integer NOT NULL
);


ALTER TABLE public."MonAn_TuyChon" OWNER TO postgres;

--
-- TOC entry 222 (class 1259 OID 25775)
-- Name: NguoiDung; Type: TABLE; Schema: public; Owner: postgres
--

CREATE TABLE public."NguoiDung" (
    "MaNguoiDung" integer NOT NULL,
    "MaCoSo" integer,
    "HoTen" character varying(255) NOT NULL,
    "SoDienThoai" character varying(20),
    "SoNhaDuong" character varying(255),
    "PhuongXa" character varying(100),
    "QuanHuyen" character varying(100),
    "ThanhPho" character varying(100),
    "Email" character varying(100),
    "Role" character varying(50)
);


ALTER TABLE public."NguoiDung" OWNER TO postgres;

--
-- TOC entry 221 (class 1259 OID 25774)
-- Name: NguoiDung_MaNguoiDung_seq; Type: SEQUENCE; Schema: public; Owner: postgres
--

ALTER TABLE public."NguoiDung" ALTER COLUMN "MaNguoiDung" ADD GENERATED BY DEFAULT AS IDENTITY (
    SEQUENCE NAME public."NguoiDung_MaNguoiDung_seq"
    START WITH 1
    INCREMENT BY 1
    NO MINVALUE
    NO MAXVALUE
    CACHE 1
);


--
-- TOC entry 267 (class 1259 OID 41826)
-- Name: QuaTang; Type: TABLE; Schema: public; Owner: postgres
--

CREATE TABLE public."QuaTang" (
    "MaQuaTang" integer NOT NULL,
    "TenQuaTang" character varying(255) NOT NULL,
    "MoTa" text,
    "HinhAnh" character varying(255),
    "CapDo" character varying(50) NOT NULL,
    "TyLeXuatHien" numeric(5,2),
    "TrangThai" character varying(20) DEFAULT 'Active'::character varying
);


ALTER TABLE public."QuaTang" OWNER TO postgres;

--
-- TOC entry 266 (class 1259 OID 41825)
-- Name: QuaTang_MaQuaTang_seq; Type: SEQUENCE; Schema: public; Owner: postgres
--

CREATE SEQUENCE public."QuaTang_MaQuaTang_seq"
    AS integer
    START WITH 1
    INCREMENT BY 1
    NO MINVALUE
    NO MAXVALUE
    CACHE 1;


ALTER SEQUENCE public."QuaTang_MaQuaTang_seq" OWNER TO postgres;

--
-- TOC entry 5274 (class 0 OID 0)
-- Dependencies: 266
-- Name: QuaTang_MaQuaTang_seq; Type: SEQUENCE OWNED BY; Schema: public; Owner: postgres
--

ALTER SEQUENCE public."QuaTang_MaQuaTang_seq" OWNED BY public."QuaTang"."MaQuaTang";


--
-- TOC entry 273 (class 1259 OID 61162)
-- Name: RefreshToken; Type: TABLE; Schema: public; Owner: postgres
--

CREATE TABLE public."RefreshToken" (
    id integer NOT NULL,
    token character varying(512) NOT NULL,
    "maTaiKhoan" integer NOT NULL,
    "expiresAt" timestamp(3) without time zone NOT NULL,
    "createdAt" timestamp(3) without time zone DEFAULT CURRENT_TIMESTAMP NOT NULL
);


ALTER TABLE public."RefreshToken" OWNER TO postgres;

--
-- TOC entry 272 (class 1259 OID 61161)
-- Name: RefreshToken_id_seq; Type: SEQUENCE; Schema: public; Owner: postgres
--

CREATE SEQUENCE public."RefreshToken_id_seq"
    AS integer
    START WITH 1
    INCREMENT BY 1
    NO MINVALUE
    NO MAXVALUE
    CACHE 1;


ALTER SEQUENCE public."RefreshToken_id_seq" OWNER TO postgres;

--
-- TOC entry 5275 (class 0 OID 0)
-- Dependencies: 272
-- Name: RefreshToken_id_seq; Type: SEQUENCE OWNED BY; Schema: public; Owner: postgres
--

ALTER SEQUENCE public."RefreshToken_id_seq" OWNED BY public."RefreshToken".id;


--
-- TOC entry 231 (class 1259 OID 25816)
-- Name: Size; Type: TABLE; Schema: public; Owner: postgres
--

CREATE TABLE public."Size" (
    "MaSize" integer NOT NULL,
    "TenSize" character varying(50) NOT NULL
);


ALTER TABLE public."Size" OWNER TO postgres;

--
-- TOC entry 230 (class 1259 OID 25815)
-- Name: Size_MaSize_seq; Type: SEQUENCE; Schema: public; Owner: postgres
--

ALTER TABLE public."Size" ALTER COLUMN "MaSize" ADD GENERATED BY DEFAULT AS IDENTITY (
    SEQUENCE NAME public."Size_MaSize_seq"
    START WITH 1
    INCREMENT BY 1
    NO MINVALUE
    NO MAXVALUE
    CACHE 1
);


--
-- TOC entry 218 (class 1259 OID 25759)
-- Name: TaiKhoan; Type: TABLE; Schema: public; Owner: postgres
--

CREATE TABLE public."TaiKhoan" (
    "MaTaiKhoan" integer NOT NULL,
    "MatKhau" character varying(255) NOT NULL,
    "TrangThai" character varying(20) DEFAULT 'Active'::character varying NOT NULL,
    "Provider" character varying(50) DEFAULT 'local'::character varying,
    "IsActived" boolean DEFAULT true NOT NULL,
    "MaNguoiDung" integer,
    "providerId" character varying(255)
);


ALTER TABLE public."TaiKhoan" OWNER TO postgres;

--
-- TOC entry 217 (class 1259 OID 25758)
-- Name: TaiKhoan_MaTaiKhoan_seq; Type: SEQUENCE; Schema: public; Owner: postgres
--

ALTER TABLE public."TaiKhoan" ALTER COLUMN "MaTaiKhoan" ADD GENERATED BY DEFAULT AS IDENTITY (
    SEQUENCE NAME public."TaiKhoan_MaTaiKhoan_seq"
    START WITH 1
    INCREMENT BY 1
    NO MINVALUE
    NO MAXVALUE
    CACHE 1
);


--
-- TOC entry 252 (class 1259 OID 25907)
-- Name: ThanhToan; Type: TABLE; Schema: public; Owner: postgres
--

CREATE TABLE public."ThanhToan" (
    "MaThanhToan" integer NOT NULL,
    "MaDonHang" integer,
    "PhuongThuc" character varying(50) NOT NULL,
    "MaGiaoDich" character varying(255),
    "SoTien" numeric(10,2) NOT NULL,
    "TrangThai" character varying(50) NOT NULL,
    "ThoiGian" timestamp without time zone DEFAULT now() NOT NULL
);


ALTER TABLE public."ThanhToan" OWNER TO postgres;

--
-- TOC entry 251 (class 1259 OID 25906)
-- Name: ThanhToan_MaThanhToan_seq; Type: SEQUENCE; Schema: public; Owner: postgres
--

ALTER TABLE public."ThanhToan" ALTER COLUMN "MaThanhToan" ADD GENERATED BY DEFAULT AS IDENTITY (
    SEQUENCE NAME public."ThanhToan_MaThanhToan_seq"
    START WITH 1
    INCREMENT BY 1
    NO MINVALUE
    NO MAXVALUE
    CACHE 1
);


--
-- TOC entry 240 (class 1259 OID 25851)
-- Name: TuyChon; Type: TABLE; Schema: public; Owner: postgres
--

CREATE TABLE public."TuyChon" (
    "MaTuyChon" integer NOT NULL,
    "TenTuyChon" character varying(100) NOT NULL,
    "MaLoaiTuyChon" integer NOT NULL,
    "TrangThai" character varying(10) DEFAULT 'Active'::character varying NOT NULL
);


ALTER TABLE public."TuyChon" OWNER TO postgres;

--
-- TOC entry 241 (class 1259 OID 25856)
-- Name: TuyChon_Gia; Type: TABLE; Schema: public; Owner: postgres
--

CREATE TABLE public."TuyChon_Gia" (
    "MaTuyChon" integer NOT NULL,
    "MaSize" integer NOT NULL,
    "GiaThem" numeric(10,2) DEFAULT 0 NOT NULL
);


ALTER TABLE public."TuyChon_Gia" OWNER TO postgres;

--
-- TOC entry 239 (class 1259 OID 25850)
-- Name: TuyChon_MaTuyChon_seq; Type: SEQUENCE; Schema: public; Owner: postgres
--

ALTER TABLE public."TuyChon" ALTER COLUMN "MaTuyChon" ADD GENERATED BY DEFAULT AS IDENTITY (
    SEQUENCE NAME public."TuyChon_MaTuyChon_seq"
    START WITH 1
    INCREMENT BY 1
    NO MINVALUE
    NO MAXVALUE
    CACHE 1
);


--
-- TOC entry 243 (class 1259 OID 25867)
-- Name: Voucher; Type: TABLE; Schema: public; Owner: postgres
--

CREATE TABLE public."Voucher" (
    "MaVoucher" character varying(50) NOT NULL,
    "MoTa" text NOT NULL,
    "LoaiGiamGia" character varying(20) NOT NULL,
    "GiaTri" numeric(10,2) NOT NULL,
    "DieuKienApDung" numeric(10,2) DEFAULT 0,
    "NgayBatDau" timestamp without time zone,
    "NgayKetThuc" timestamp without time zone,
    "SoLuong" integer,
    "TrangThai" character varying(20) DEFAULT 'Active'::character varying NOT NULL
);


ALTER TABLE public."Voucher" OWNER TO postgres;

--
-- TOC entry 271 (class 1259 OID 60327)
-- Name: _prisma_migrations; Type: TABLE; Schema: public; Owner: postgres
--

CREATE TABLE public._prisma_migrations (
    id character varying(36) NOT NULL,
    checksum character varying(64) NOT NULL,
    finished_at timestamp with time zone,
    migration_name character varying(255) NOT NULL,
    logs text,
    rolled_back_at timestamp with time zone,
    started_at timestamp with time zone DEFAULT now() NOT NULL,
    applied_steps_count integer DEFAULT 0 NOT NULL
);


ALTER TABLE public._prisma_migrations OWNER TO postgres;

--
-- TOC entry 4926 (class 2604 OID 50042)
-- Name: AI_ReviewAnalysis AnalysisID; Type: DEFAULT; Schema: public; Owner: postgres
--

ALTER TABLE ONLY public."AI_ReviewAnalysis" ALTER COLUMN "AnalysisID" SET DEFAULT nextval('public."AI_ReviewAnalysis_AnalysisID_seq"'::regclass);


--
-- TOC entry 4915 (class 2604 OID 33428)
-- Name: ChiTietDonHang_ChiTietCombo MaCTDH_Combo; Type: DEFAULT; Schema: public; Owner: postgres
--

ALTER TABLE ONLY public."ChiTietDonHang_ChiTietCombo" ALTER COLUMN "MaCTDH_Combo" SET DEFAULT nextval('public."ChiTietDonHang_ChiTietCombo_MaCTDH_Combo_seq"'::regclass);


--
-- TOC entry 4910 (class 2604 OID 33350)
-- Name: Combo MaCombo; Type: DEFAULT; Schema: public; Owner: postgres
--

ALTER TABLE ONLY public."Combo" ALTER COLUMN "MaCombo" SET DEFAULT nextval('public."Combo_MaCombo_seq"'::regclass);


--
-- TOC entry 4917 (class 2604 OID 33453)
-- Name: DanhGiaMonAn MaDanhGiaMonAn; Type: DEFAULT; Schema: public; Owner: postgres
--

ALTER TABLE ONLY public."DanhGiaMonAn" ALTER COLUMN "MaDanhGiaMonAn" SET DEFAULT nextval('public."DanhGiaMonAn_MaDanhGiaMonAn_seq"'::regclass);


--
-- TOC entry 4920 (class 2604 OID 33478)
-- Name: KhuyenMai MaKhuyenMai; Type: DEFAULT; Schema: public; Owner: postgres
--

ALTER TABLE ONLY public."KhuyenMai" ALTER COLUMN "MaKhuyenMai" SET DEFAULT nextval('public."KhuyenMai_MaKhuyenMai_seq"'::regclass);


--
-- TOC entry 4923 (class 2604 OID 41829)
-- Name: QuaTang MaQuaTang; Type: DEFAULT; Schema: public; Owner: postgres
--

ALTER TABLE ONLY public."QuaTang" ALTER COLUMN "MaQuaTang" SET DEFAULT nextval('public."QuaTang_MaQuaTang_seq"'::regclass);


--
-- TOC entry 4930 (class 2604 OID 61165)
-- Name: RefreshToken id; Type: DEFAULT; Schema: public; Owner: postgres
--

ALTER TABLE ONLY public."RefreshToken" ALTER COLUMN id SET DEFAULT nextval('public."RefreshToken_id_seq"'::regclass);


--
-- TOC entry 5260 (class 0 OID 50039)
-- Dependencies: 270
-- Data for Name: AI_ReviewAnalysis; Type: TABLE DATA; Schema: public; Owner: postgres
--

COPY public."AI_ReviewAnalysis" ("AnalysisID", "MaDanhGiaDonHang", "Sentiment", "Severity", "FoodIssue", "DriverIssue", "StoreIssue", "OtherIssue", "MentionLate", "RawJSON", "NgayPhanTich") FROM stdin;
\.


--
-- TOC entry 5223 (class 0 OID 25824)
-- Dependencies: 233
-- Data for Name: BienTheMonAn; Type: TABLE DATA; Schema: public; Owner: postgres
--

COPY public."BienTheMonAn" ("MaBienThe", "MaMonAn", "MaSize", "GiaBan", "TrangThai") FROM stdin;
9	5	1	235000.00	Active
10	5	2	325000.00	Active
17	10	1	165000.00	Active
18	10	2	205000.00	Active
3	2	1	225000.00	Active
4	2	2	315000.00	Active
22	1	\N	325000.00	Inactive
19	11	\N	255000.00	Ẩn
20	11	1	255000.00	Active
21	11	2	300000.00	Active
1	1	1	325000.00	Active
2	1	2	450000.00	Active
5	3	1	245000.00	Active
6	3	2	335000.00	Active
14	7	2	305000.00	Inactive
23	7	\N	215000.00	Inactive
13	7	1	215000.00	Active
11	6	1	205000.00	Inactive
12	6	2	295000.00	Active
7	4	1	235000.00	Inactive
8	4	2	325000.00	Active
15	8	\N	49000.00	Active
16	9	\N	20000.00	Active
\.


--
-- TOC entry 5239 (class 0 OID 25895)
-- Dependencies: 249
-- Data for Name: ChiTietDonHang; Type: TABLE DATA; Schema: public; Owner: postgres
--

COPY public."ChiTietDonHang" ("MaChiTiet", "MaDonHang", "MaBienThe", "MaDeBanh", "SoLuong", "DonGia", "ThanhTien", "Loai", "MaCombo") FROM stdin;
159	104	1	1	1	325000.00	325000.00	SP	\N
160	105	1	1	1	325000.00	325000.00	SP	\N
161	106	17	\N	1	325000.00	325000.00	CB	1
162	107	17	\N	1	325000.00	325000.00	CB	1
163	108	1	1	1	325000.00	325000.00	SP	\N
164	108	8	1	1	162500.00	162500.00	SP	\N
165	109	3	1	1	112500.00	112500.00	SP	\N
166	110	3	1	1	112500.00	112500.00	SP	\N
167	111	3	1	1	112500.00	112500.00	SP	\N
\.


--
-- TOC entry 5248 (class 0 OID 33425)
-- Dependencies: 258
-- Data for Name: ChiTietDonHang_ChiTietCombo; Type: TABLE DATA; Schema: public; Owner: postgres
--

COPY public."ChiTietDonHang_ChiTietCombo" ("MaCTDH_Combo", "MaChiTietDonHang", "SoLuong", "MaBienThe", "MaDeBanh") FROM stdin;
29	161	1	17	1
30	161	1	1	2
31	161	1	16	\N
32	161	1	15	\N
33	162	1	17	1
34	162	1	1	2
35	162	1	16	\N
36	162	1	15	\N
\.


--
-- TOC entry 5240 (class 0 OID 25901)
-- Dependencies: 250
-- Data for Name: ChiTietDonHang_TuyChon; Type: TABLE DATA; Schema: public; Owner: postgres
--

COPY public."ChiTietDonHang_TuyChon" ("MaChiTiet", "MaTuyChon", "GiaThem") FROM stdin;
\.


--
-- TOC entry 5210 (class 0 OID 25767)
-- Dependencies: 220
-- Data for Name: CoSo; Type: TABLE DATA; Schema: public; Owner: postgres
--

COPY public."CoSo" ("MaCoSo", "TenCoSo", "SoDienThoai", "SoNhaDuong", "PhuongXa", "QuanHuyen", "ThanhPho", "KinhDo", "ViDo") FROM stdin;
1	SECRET PIZZA Hà Nội	02411112222	55 Lý Thường Kiệt	Phường Trần Hưng Đạo	Quận Hoàn Kiếm	TP. Hà Nội	105.85246300	21.02273900
2	SECRET PIZZA TP. HCM	02833334444	123 Lê Lợi	Phường Bến Nghé	Quận 1	TP. Hồ Chí Minh	106.68225548	10.75997889
\.


--
-- TOC entry 5246 (class 0 OID 33347)
-- Dependencies: 256
-- Data for Name: Combo; Type: TABLE DATA; Schema: public; Owner: postgres
--

COPY public."Combo" ("MaCombo", "TenCombo", "MoTa", "HinhAnh", "GiaCombo", "TrangThai", "NgayTao", "NgayCapNhat", "ThoiGianHetHan") FROM stdin;
2	Mừng ngày nhà giáo Việt Nam	Mừng 20/11	/images/AnhMonAn/z7209813005248-b44ed8cf695a25f3d3b306fc3d01e9f8-1763442636972-393041786.jpg	500000.00	Deleted	2025-11-18 05:10:36.99	2025-11-18 05:19:35.276	2999-12-31 23:59:59
3	Nhà giáo Việt Nam 20/11	Mừng lễ 20/11	/images/AnhCombo/combo-z7209813005248-b44ed8cf695a25f3d3b306fc3d01e9f8-1763443685353-581470982.jpg	500000.00	Active	2025-11-18 05:28:05.365	2025-11-18 05:36:18.598	2025-11-20 23:59:59
1	Combo Thịt Thượng Hạng	Combo cực hấp dẫn gồm Pizza 5 Loại Thịt Thượng Hạng size 9", Mì Ý Sốt Kem, Khoai Tây Chiên và 2 lon Pepsi tươi mát.	/images/AnhCombo/1.jpg	325000.00	Active	2025-11-07 17:48:05.199599	2026-03-14 11:17:59.012	2026-03-21 02:59:00
\.


--
-- TOC entry 5255 (class 0 OID 33610)
-- Dependencies: 265
-- Data for Name: Combo_ChiTiet; Type: TABLE DATA; Schema: public; Owner: postgres
--

COPY public."Combo_ChiTiet" ("MaCTCombo", "MaCombo", "MaBienThe", "SoLuong", "MaDeBanh") FROM stdin;
9	3	2	1	1
10	3	7	1	1
17	1	17	1	1
18	1	1	1	2
19	1	16	1	\N
20	1	15	1	\N
\.


--
-- TOC entry 5244 (class 0 OID 25918)
-- Dependencies: 254
-- Data for Name: DanhGiaDonHang; Type: TABLE DATA; Schema: public; Owner: postgres
--

COPY public."DanhGiaDonHang" ("MaDanhGiaDonHang", "MaDonHang", "SoSao", "BinhLuan", "NgayDanhGia") FROM stdin;
\.


--
-- TOC entry 5250 (class 0 OID 33450)
-- Dependencies: 260
-- Data for Name: DanhGiaMonAn; Type: TABLE DATA; Schema: public; Owner: postgres
--

COPY public."DanhGiaMonAn" ("MaDanhGiaMonAn", "MaMonAn", "MaTaiKhoan", "SoSao", "NoiDung", "NgayDanhGia", "TrangThai") FROM stdin;
\.


--
-- TOC entry 5216 (class 0 OID 25795)
-- Dependencies: 226
-- Data for Name: DanhMuc; Type: TABLE DATA; Schema: public; Owner: postgres
--

COPY public."DanhMuc" ("MaDanhMuc", "TenDanhMuc") FROM stdin;
2	Bò
3	Heo
4	Gà
5	Rau Củ/Chay
1	Hải Sản
\.


--
-- TOC entry 5225 (class 0 OID 25830)
-- Dependencies: 235
-- Data for Name: DeBanh; Type: TABLE DATA; Schema: public; Owner: postgres
--

COPY public."DeBanh" ("MaDeBanh", "TenDeBanh") FROM stdin;
1	Đế Mỏng Giòn
2	Đế Dày Xốp
3	Đế vừa truyền thống
\.


--
-- TOC entry 5235 (class 0 OID 25877)
-- Dependencies: 245
-- Data for Name: DonHang; Type: TABLE DATA; Schema: public; Owner: postgres
--

COPY public."DonHang" ("MaDonHang", "MaNguoiDung", "MaCoSo", "MaNguoiDungGiaoHang", "MaVoucher", "NgayDat", "ThoiGianGiaoDuKien", "TienTruocGiamGia", "TienGiamGia", "TongTien", "GhiChu", "TenNguoiNhan", "SoDienThoaiGiaoHang", "SoNhaDuongGiaoHang", "PhuongXaGiaoHang", "QuanHuyenGiaoHang", "ThanhPhoGiaoHang", "PhiShip") FROM stdin;
104	23	2	\N	\N	2026-03-14 21:53:13.146	2026-03-14 22:16:13.14	325000.00	0.00	350000.00		nguyenminhtuan06012004	0938894528	259/18 Hàn Hải Nguyên	Phường 02	Quận 11	Hồ Chí Minh	25000.00
105	23	2	\N	\N	2026-03-15 01:49:55.78	2026-03-15 02:12:55.773	325000.00	0.00	350000.00		nguyenminhtuan06012004	0938894528	259/18 Hàn Hải Nguyên	Phường 02	Quận 11	Hồ Chí Minh	25000.00
106	23	2	\N	\N	2026-03-15 01:50:43.092	2026-03-15 02:13:43.084	325000.00	0.00	350000.00		nguyenminhtuan06012004	0938894528	259/18 Hàn Hải Nguyên	Phường 02	Quận 11	Hồ Chí Minh	25000.00
107	23	2	\N	\N	2026-03-15 01:53:50.735	2026-03-15 02:16:50.713	325000.00	0.00	350000.00		nguyenminhtuan06012004	0938894528	259/18 Hàn Hải Nguyên	Phường 02	Quận 11	Hồ Chí Minh	25000.00
108	23	2	\N	\N	2026-03-16 01:12:06.249	2026-03-16 01:35:06.244	487500.00	0.00	512500.00		nguyenminhtuan06012004	0938894528	259/18 Hàn Hải Nguyên	Phường 02	Quận 11	Hồ Chí Minh	25000.00
109	23	2	\N	\N	2026-03-16 01:18:53.984	2026-03-16 01:41:53.975	112500.00	0.00	137500.00		nguyenminhtuan06012004	0938894528	259/18 Hàn Hải Nguyên	Phường 02	Quận 11	Hồ Chí Minh	25000.00
110	23	2	\N	\N	2026-03-16 01:22:28.782	2026-03-16 01:45:28.753	112500.00	0.00	137500.00		nguyenminhtuan06012004	0938894528	259/18 Hàn Hải Nguyên	Phường 02	Quận 11	Hồ Chí Minh	25000.00
111	23	2	\N	\N	2026-03-16 01:25:43.862	2026-03-16 01:48:43.831	112500.00	0.00	137500.00		nguyenminhtuan06012004	0938894528	259/18 Hàn Hải Nguyên	Phường 02	Quận 11	Hồ Chí Minh	25000.00
\.


--
-- TOC entry 5258 (class 0 OID 41836)
-- Dependencies: 268
-- Data for Name: DonHang_QuaTang; Type: TABLE DATA; Schema: public; Owner: postgres
--

COPY public."DonHang_QuaTang" ("MaDonHang", "MaQuaTang", "SoLuong") FROM stdin;
104	2	1
105	3	1
106	4	1
107	2	1
108	2	1
\.


--
-- TOC entry 5252 (class 0 OID 33475)
-- Dependencies: 262
-- Data for Name: KhuyenMai; Type: TABLE DATA; Schema: public; Owner: postgres
--

COPY public."KhuyenMai" ("MaKhuyenMai", "TenKhuyenMai", "MoTa", "KMLoai", "KMGiaTri", "KMBatDau", "KMKetThuc", "TrangThai") FROM stdin;
2	Món phụ giảm 40k	\N	AMOUNT	70000.00	2025-11-07 02:00:00	2025-12-04 01:59:00	Active
1	Pizza Sale 50%	Siêu Ưu Đãi Tháng 3	PERCENT	50.00	2026-02-28 23:00:00	2026-03-31 16:59:00	Active
\.


--
-- TOC entry 5237 (class 0 OID 25886)
-- Dependencies: 247
-- Data for Name: LichSuTrangThaiDonHang; Type: TABLE DATA; Schema: public; Owner: postgres
--

COPY public."LichSuTrangThaiDonHang" ("MaLichSu", "MaDonHang", "TrangThai", "ThoiGianCapNhat", "GhiChu") FROM stdin;
178	104	Đang chờ xác nhận	2026-03-14 21:53:13.192	\N
179	104	Đang xử lý	2026-03-14 21:54:31.618	\N
180	104	Chờ giao hàng	2026-03-14 21:54:47.711	\N
181	104	Đang giao	2026-03-14 21:55:25.544	\N
182	105	Đang chờ xác nhận	2026-03-15 01:49:55.804	\N
183	106	Đang chờ xác nhận	2026-03-15 01:50:43.105	\N
184	106	Đang xử lý	2026-03-15 01:51:54.214	\N
185	105	Khách hàng đã hủy	2026-03-15 01:52:05.137	Hủy bởi khách hàng
186	107	Đang chờ xác nhận	2026-03-15 01:53:50.761	\N
187	107	Đang xử lý	2026-03-15 01:54:35.075	\N
188	107	Chờ giao hàng	2026-03-15 02:11:20.858	\N
189	107	Đang giao	2026-03-15 02:11:26.876	\N
190	107	Đã giao	2026-03-15 02:12:22.63	\N
191	108	Đang chờ xác nhận	2026-03-16 01:12:06.279	\N
192	108	Đang xử lý	2026-03-16 01:12:28.837	\N
193	108	Chờ giao hàng	2026-03-16 01:12:31.13	\N
194	108	Đang giao	2026-03-16 01:12:33.116	\N
195	108	Đã giao	2026-03-16 01:12:38.087	\N
196	106	Chờ giao hàng	2026-03-16 01:12:42.823	\N
197	106	Đang giao	2026-03-16 01:12:45.435	\N
198	106	Đã giao	2026-03-16 01:12:48.239	\N
199	104	Đã giao	2026-03-16 01:12:54.866	\N
200	109	Đang chờ xác nhận	2026-03-16 01:18:54.02	\N
201	110	Đang chờ xác nhận	2026-03-16 01:22:28.833	\N
202	111	Chờ thanh toán	2026-03-16 01:25:43.888	\N
\.


--
-- TOC entry 5214 (class 0 OID 25787)
-- Dependencies: 224
-- Data for Name: LoaiMonAn; Type: TABLE DATA; Schema: public; Owner: postgres
--

COPY public."LoaiMonAn" ("MaLoaiMonAn", "TenLoaiMonAn") FROM stdin;
1	Pizza
3	Tráng Miệng
4	Nước Uống
2	Món Phụ
\.


--
-- TOC entry 5228 (class 0 OID 25843)
-- Dependencies: 238
-- Data for Name: LoaiTuyChon; Type: TABLE DATA; Schema: public; Owner: postgres
--

COPY public."LoaiTuyChon" ("MaLoaiTuyChon", "TenLoaiTuyChon") FROM stdin;
1	Viền Bánh
2	Thêm Topping
\.


--
-- TOC entry 5218 (class 0 OID 25803)
-- Dependencies: 228
-- Data for Name: MonAn; Type: TABLE DATA; Schema: public; Owner: postgres
--

COPY public."MonAn" ("MaMonAn", "TenMonAn", "MoTa", "HinhAnh", "MaLoaiMonAn", "TrangThai", "DeXuat") FROM stdin;
2	Pizza Siêu Topping Hải Sản Xốt Mayonnaise	Tôm, mực, thanh cua và bông cải xanh tươi ngon trên nền sốt mayonnaise	/images/AnhMonAn/2.jpg	1	Active	t
1	Pizza Siêu Topping Hải Sản Nhiệt Đới Xốt Tiêu	Tôm, nghêu, mực, thơm, hành tây trên nền sốt tiêu đen	/images/AnhMonAn/1.jpg	1	Active	t
3	Pizza Siêu Topping Hải Sản Xốt Pesto Kem Chanh	Tôm, mực, cà chua và bông cải xanh trên nền sốt Pesto kem chanh	/images/AnhMonAn/3.jpg	1	Active	f
11	hehe	ádf	/images/AnhMonAn/z7209813005248-b44ed8cf695a25f3d3b306fc3d01e9f8-1762950733692-86087624.jpg	1	Deleted	f
7	Pizza Siêu Topping Xúc Xích Ý Truyền Thống	Xúc xích Pepperoni trứ danh của Ý trên nền phô mai Mozzarella	/images/AnhMonAn/7.jpg	1	Active	t
5	Pizza Siêu Topping Bò và Tôm Nướng Kiểu Mỹ	Thịt bò, tôm nướng, bắp, hành tây và xốt Thousand Island	/images/AnhMonAn/5.jpg	1	Active	f
10	Pizza 5 Loại Thịt Thượng Hạng	Pizza thượng hạng với 5 loại thịt: xúc xích Ý, jambon, thịt xông khói, pepperoni và xúc xích Đức. Kết hợp phô mai Mozzarella tan chảy tạo nên hương vị đậm đà khó quên.	/images/AnhMonAn/10.jpg	1	Active	f
6	Pizza Siêu Topping Giăm Bông Dứa Kiểu Hawaiian	Giăm bông, thịt xông khói và dứa ngọt dịu trên nền sốt cà chua	/images/AnhMonAn/6.jpg	1	Active	f
4	Pizza Siêu Topping Bò Mỹ Xốt Phô Mai	Thịt bò Mỹ cao cấp, nấm, cà chua và hành tây trên nền sốt phô mai	/images/AnhMonAn/4.jpg	1	Active	f
8	Khoai Tây Chiên	Khoai tây chiên giòn rụm	/images/AnhMonAn/Gemini-Generated-Image-or40txor40txor40-1773597110634-998725257.png	2	Active	t
9	Pepsi	Nước ngọt có gas	/images/AnhMonAn/Gemini-Generated-Image-wb7lawb7lawb7law-1773597123723-51372867.png	4	Active	t
\.


--
-- TOC entry 5219 (class 0 OID 25810)
-- Dependencies: 229
-- Data for Name: MonAn_DanhMuc; Type: TABLE DATA; Schema: public; Owner: postgres
--

COPY public."MonAn_DanhMuc" ("MaMonAn", "MaDanhMuc") FROM stdin;
7	3
6	3
5	2
5	1
10	1
10	2
10	3
10	4
11	5
4	2
8	5
2	1
1	1
3	1
\.


--
-- TOC entry 5226 (class 0 OID 25837)
-- Dependencies: 236
-- Data for Name: MonAn_DeBanh; Type: TABLE DATA; Schema: public; Owner: postgres
--

COPY public."MonAn_DeBanh" ("MaMonAn", "MaDeBanh") FROM stdin;
5	1
5	2
11	1
7	1
7	2
6	2
4	1
2	1
2	2
1	1
1	2
1	3
3	1
3	2
3	3
\.


--
-- TOC entry 5253 (class 0 OID 33484)
-- Dependencies: 263
-- Data for Name: MonAn_KhuyenMai; Type: TABLE DATA; Schema: public; Owner: postgres
--

COPY public."MonAn_KhuyenMai" ("MaMonAn", "MaKhuyenMai") FROM stdin;
1	2
2	2
3	2
4	2
5	2
6	2
7	2
10	2
4	1
2	1
\.


--
-- TOC entry 5232 (class 0 OID 25862)
-- Dependencies: 242
-- Data for Name: MonAn_TuyChon; Type: TABLE DATA; Schema: public; Owner: postgres
--

COPY public."MonAn_TuyChon" ("MaMonAn", "MaTuyChon") FROM stdin;
4	1
4	2
4	3
1	1
1	2
1	3
1	4
3	1
3	2
\.


--
-- TOC entry 5212 (class 0 OID 25775)
-- Dependencies: 222
-- Data for Name: NguoiDung; Type: TABLE DATA; Schema: public; Owner: postgres
--

COPY public."NguoiDung" ("MaNguoiDung", "MaCoSo", "HoTen", "SoDienThoai", "SoNhaDuong", "PhuongXa", "QuanHuyen", "ThanhPho", "Email", "Role") FROM stdin;
23	\N	nguyenminhtuan06012004	0938894528	259/18 Hàn Hải Nguyên	Phường 02	Quận 11	Hồ Chí Minh	nguyenminhtuan06012004@gmail.com	SUPER_ADMIN
\.


--
-- TOC entry 5257 (class 0 OID 41826)
-- Dependencies: 267
-- Data for Name: QuaTang; Type: TABLE DATA; Schema: public; Owner: postgres
--

COPY public."QuaTang" ("MaQuaTang", "TenQuaTang", "MoTa", "HinhAnh", "CapDo", "TyLeXuatHien", "TrangThai") FROM stdin;
5	Baby Pizza Santa	Phiên bản Giáng Sinh đặc biệt cực hiếm: Ông già Noel Pizza mang túi quà đầy ắp niềm vui.	/images/QuaTang/5.png	Secret	2.00	Active
4	Baby Pizza Mystic	Pháp sư Pizza huyền bí với áo choàng phép thuật, tạo ra những chiếc bánh mê hoặc.	/images/QuaTang/4.png	Epic	8.00	Active
3	Baby Pizza Rocker	Đầu bếp Pizza kiêm ngôi sao nhạc Rock, mang đến hương vị bùng nổ và sôi động.	/images/QuaTang/3.png	Rare	15.00	Active
1	Baby Pizza Slice	Bé Pizza cơ bản, vui vẻ và dễ thương, đại diện cho niềm vui chia sẻ.	/images/QuaTang/1.png	Common	50.00	Active
2	Baby Pizza Detective	Thám tử Pizza tài ba với chiếc mũ phớt đen và kính lúp, luôn tìm ra hương vị bí ẩn.	/images/QuaTang/2.png	Uncommon	25.00	Active
\.


--
-- TOC entry 5263 (class 0 OID 61162)
-- Dependencies: 273
-- Data for Name: RefreshToken; Type: TABLE DATA; Schema: public; Owner: postgres
--

COPY public."RefreshToken" (id, token, "maTaiKhoan", "expiresAt", "createdAt") FROM stdin;
1	ecc7721503de0d00ed0a1373626fc8097fa357a1affc0903495b9ea413a9a2f2	23	2026-04-13 11:56:21.231	2026-03-14 11:56:21.239
7	6dbc1197d541342bd1374fed3c03673c9a7f1a7451b40f66d572b41707f143e4	23	2026-04-13 11:56:51.853	2026-03-14 11:56:51.86
8	38480ed8b8d915c693d850b788a98277065f238cf0c3208751c762e7eef417d8	23	2026-04-13 11:56:51.854	2026-03-14 11:56:51.862
9	ed18a1ac89e1b036c2a6cc27f32c2a1dcc8202abee0faebc4d8b8d2bf8e34a37	23	2026-04-13 11:56:51.855	2026-03-14 11:56:51.863
14	ba8d1ffabb6f94a4ab531ab345fec438f80fcdf359e5a07c0de4000f97c3d567	23	2026-04-13 11:57:01.504	2026-03-14 11:57:01.511
15	bd3ca1fe78e44dbd7fb966b5ea9ef22bb4c87f5502ce135cc35d3c5ab5c55f04	23	2026-04-13 11:57:01.517	2026-03-14 11:57:01.525
2	d04f2f2d8c8be50d6d17a917c2c87eded7c92c9102098dbd635aeb634f454927	23	2026-04-13 11:56:21.235	2026-03-14 11:56:21.243
3	c8aa98d1e8e01ba72062996a4babbca3e4e5b5a942d8116eaee810a82001520e	23	2026-04-13 11:56:30.831	2026-03-14 11:56:30.839
4	88daea7a67d8d47c045b7790670b2d8c95ed5740a6ab78bdbba4d1ebd5ff1464	23	2026-04-13 11:56:40.888	2026-03-14 11:56:40.896
5	613069dac6d9080af10e19891d8631fe85736d225e9f467c1a6c7f404317487c	23	2026-04-13 11:56:40.895	2026-03-14 11:56:40.903
6	62baea6696d261e135ac92216d1131385d52be403c0c48fb7a42d086bc7b3619	23	2026-04-13 11:56:40.898	2026-03-14 11:56:40.906
10	bd73503d98e8350e953cf20d2347533797e819ea59117c6db2f5f3cfb801766a	23	2026-04-13 11:56:58.402	2026-03-14 11:56:58.41
11	6682be747afb163bd1693efd88fde621cac9f42d96485d7fa3fe7e93c1eec70e	23	2026-04-13 11:56:58.404	2026-03-14 11:56:58.412
12	b3f78bd0b8a0661624357c42de1237c741a5987740b9635376a87b692c3f4422	23	2026-04-13 11:56:58.411	2026-03-14 11:56:58.419
13	58b749cb6f2b049d73509d2d4a8c5a45a8959ec84211a4d1ccf67e4f3f1e644b	23	2026-04-13 11:57:01.503	2026-03-14 11:57:01.51
16	ff16d0ff0d62e50bade5ae515c222dce1e2dbd77cf6f4e51e84c2b274758819b	23	2026-04-13 12:30:00.215	2026-03-14 12:30:00.223
17	6fe2963588370a666ec4ed6425e6a4ad7113e4a94d37d7a85e7b9a4674772d14	23	2026-04-13 13:34:08.16	2026-03-14 13:34:08.161
21	59d8e6e25474feb79a3c69b820daec186662c487a07c96a5e652bdd47147b6a2	23	2026-04-13 18:55:14.503	2026-03-14 18:55:14.504
22	3807c87e8f7d12f561c0c548b5ce2b75cf5084ca64e8c66857fe965a423d923a	23	2026-04-13 19:11:02.39	2026-03-14 19:11:02.392
24	c7f37a501a85537ebca5eb04b1f691cdb49b8f6f89d00a4b39c05aebbf2e809f	26	2026-04-14 17:20:16.901	2026-03-15 17:20:16.903
25	55bf99e0aa03e5b27063ccafc334de643c85905b105048cc408ae2715a606faa	23	2026-04-14 17:31:51.719	2026-03-15 17:31:51.72
\.


--
-- TOC entry 5221 (class 0 OID 25816)
-- Dependencies: 231
-- Data for Name: Size; Type: TABLE DATA; Schema: public; Owner: postgres
--

COPY public."Size" ("MaSize", "TenSize") FROM stdin;
1	9 inch
2	12 inch
\.


--
-- TOC entry 5208 (class 0 OID 25759)
-- Dependencies: 218
-- Data for Name: TaiKhoan; Type: TABLE DATA; Schema: public; Owner: postgres
--

COPY public."TaiKhoan" ("MaTaiKhoan", "MatKhau", "TrangThai", "Provider", "IsActived", "MaNguoiDung", "providerId") FROM stdin;
23	$2a$10$9Soa4yG6uKjVMelJdTV3OeGFI.nN3tgOtCmCUN5OHkYyoY5cxvcDy	Active	local	t	23	\N
26	343771500c701d98937d01a3da8274ba4467e220cad5c237e83197b3af2e980a375f6e5da502a1216d6d832bfd1960e6	Active	google	t	23	100610829978559753681
\.


--
-- TOC entry 5242 (class 0 OID 25907)
-- Dependencies: 252
-- Data for Name: ThanhToan; Type: TABLE DATA; Schema: public; Owner: postgres
--

COPY public."ThanhToan" ("MaThanhToan", "MaDonHang", "PhuongThuc", "MaGiaoDich", "SoTien", "TrangThai", "ThoiGian") FROM stdin;
109	105	Tiền Mặt	\N	350000.00	Chưa thanh toán	2026-03-15 01:49:55.8
111	107	Tiền Mặt	\N	350000.00	Đã thanh toán	2026-03-15 01:53:50.758
112	108	Tiền Mặt	\N	512500.00	Đã thanh toán	2026-03-16 01:12:06.276
110	106	Tiền Mặt	\N	350000.00	Đã thanh toán	2026-03-15 01:50:43.104
108	104	Tiền Mặt	\N	350000.00	Đã thanh toán	2026-03-14 21:53:13.184
113	109	Tiền Mặt	\N	137500.00	Chưa thanh toán	2026-03-16 01:18:54.016
114	110	Tiền Mặt	\N	137500.00	Chưa thanh toán	2026-03-16 01:22:28.829
115	111	Chuyển Khoản	1773599323708-0	137500.00	Thanh toán thất bại	2026-03-16 01:28:43.713
116	111	Chuyển Khoản	1773599427685-0	137500.00	Thanh toán thất bại	2026-03-16 01:30:27.686
117	111	Chuyển Khoản	1773599472317-0	137500.00	Thanh toán thất bại	2026-03-16 01:31:12.318
118	111	Chuyển Khoản	1773599891687-0	137500.00	Thanh toán thất bại	2026-03-16 01:38:11.694
119	111	Chuyển Khoản	1773599925352-0	137500.00	Thanh toán thất bại	2026-03-16 01:38:45.36
120	111	Chuyển Khoản	1773600976703-0	137500.00	Thanh toán thất bại	2026-03-16 01:56:16.704
121	111	Chuyển Khoản	1773601008688-0	137500.00	Thanh toán thất bại	2026-03-16 01:56:48.689
\.


--
-- TOC entry 5230 (class 0 OID 25851)
-- Dependencies: 240
-- Data for Name: TuyChon; Type: TABLE DATA; Schema: public; Owner: postgres
--

COPY public."TuyChon" ("MaTuyChon", "TenTuyChon", "MaLoaiTuyChon", "TrangThai") FROM stdin;
1	Viền Phô Mai	1	Active
2	Viền Xúc Xích Phô Mai	1	Active
3	Thêm Phô Mai Mozzarella	2	Active
4	Thêm Tôm	2	Active
5	hehe	1	Deleted
\.


--
-- TOC entry 5231 (class 0 OID 25856)
-- Dependencies: 241
-- Data for Name: TuyChon_Gia; Type: TABLE DATA; Schema: public; Owner: postgres
--

COPY public."TuyChon_Gia" ("MaTuyChon", "MaSize", "GiaThem") FROM stdin;
2	1	45000.00
2	2	65000.00
4	1	35000.00
4	2	55000.00
1	2	50000.00
1	1	30000.00
3	1	25000.00
3	2	50000.00
5	1	30000.00
5	2	30000.00
\.


--
-- TOC entry 5233 (class 0 OID 25867)
-- Dependencies: 243
-- Data for Name: Voucher; Type: TABLE DATA; Schema: public; Owner: postgres
--

COPY public."Voucher" ("MaVoucher", "MoTa", "LoaiGiamGia", "GiaTri", "DieuKienApDung", "NgayBatDau", "NgayKetThuc", "SoLuong", "TrangThai") FROM stdin;
FREESHIP	Miễn phí vận chuyển (giảm 30k)	AMOUNT	30000.00	100000.00	2025-10-01 00:00:00	2025-11-30 23:59:59	500	Active
PIZZA20	Giảm 20% > 250k	PERCENT	20.00	250000.00	2025-10-01 00:00:00	2025-11-30 23:59:59	1000	Active
NHAGIAOVIETNAM	hHEHE2	AMOUNT	30000000.00	30000.00	2025-11-04 00:00:00	2025-11-21 00:00:00	300	Active
SORRY100T152	Voucher xin lỗi giao hàng trễ đơn #100	AMOUNT	20000.00	0.00	2025-12-01 15:24:55.439	2025-12-31 15:24:55.439	1	Active
SORRY106T67	Voucher xin lỗi giao hàng trễ đơn #106	AMOUNT	20000.00	0.00	2026-03-15 18:12:48.246	2026-04-14 18:12:48.246	1	Active
SORRY104T706	Voucher xin lỗi giao hàng trễ đơn #104	AMOUNT	20000.00	0.00	2026-03-15 18:12:54.871	2026-04-14 18:12:54.871	1	Active
\.


--
-- TOC entry 5261 (class 0 OID 60327)
-- Dependencies: 271
-- Data for Name: _prisma_migrations; Type: TABLE DATA; Schema: public; Owner: postgres
--

COPY public._prisma_migrations (id, checksum, finished_at, migration_name, logs, rolled_back_at, started_at, applied_steps_count) FROM stdin;
eb459193-80b0-4594-8d97-a23897c0db4b	05c4ca68009508a5c3816eeaa4b729c0a024e340adfb83be5576d291f161ee85	2026-03-14 17:31:50.628483+07	20251108183234_migrate_db_production		\N	2026-03-14 17:31:50.628483+07	0
5de35ff3-3abd-49fc-a181-76bf224bf163	9f7f52bca4c5404f4f38f0bcdadcbd96ecb4a8107ef2615839b0e20bf2a59e12	2026-03-14 17:31:58.229098+07	20260314000100_move_user_fk_to_taikhoan		\N	2026-03-14 17:31:58.229098+07	0
e48ab988-f4c5-4664-8099-96b261e2dcfe	8544667af772eb227b53da1de947092ae239fd1960f522b32e027ac59e1d6597	2026-03-14 18:11:11.431582+07	20260314093000_allow_multiple_accounts_per_user	\N	\N	2026-03-14 18:11:11.382424+07	1
\.


--
-- TOC entry 5276 (class 0 OID 0)
-- Dependencies: 269
-- Name: AI_ReviewAnalysis_AnalysisID_seq; Type: SEQUENCE SET; Schema: public; Owner: postgres
--

SELECT pg_catalog.setval('public."AI_ReviewAnalysis_AnalysisID_seq"', 7, true);


--
-- TOC entry 5277 (class 0 OID 0)
-- Dependencies: 232
-- Name: BienTheMonAn_MaBienThe_seq; Type: SEQUENCE SET; Schema: public; Owner: postgres
--

SELECT pg_catalog.setval('public."BienTheMonAn_MaBienThe_seq"', 23, true);


--
-- TOC entry 5278 (class 0 OID 0)
-- Dependencies: 257
-- Name: ChiTietDonHang_ChiTietCombo_MaCTDH_Combo_seq; Type: SEQUENCE SET; Schema: public; Owner: postgres
--

SELECT pg_catalog.setval('public."ChiTietDonHang_ChiTietCombo_MaCTDH_Combo_seq"', 36, true);


--
-- TOC entry 5279 (class 0 OID 0)
-- Dependencies: 248
-- Name: ChiTietDonHang_MaChiTiet_seq; Type: SEQUENCE SET; Schema: public; Owner: postgres
--

SELECT pg_catalog.setval('public."ChiTietDonHang_MaChiTiet_seq"', 167, true);


--
-- TOC entry 5280 (class 0 OID 0)
-- Dependencies: 219
-- Name: CoSo_MaCoSo_seq; Type: SEQUENCE SET; Schema: public; Owner: postgres
--

SELECT pg_catalog.setval('public."CoSo_MaCoSo_seq"', 2, true);


--
-- TOC entry 5281 (class 0 OID 0)
-- Dependencies: 264
-- Name: Combo_ChiTiet_MaCTCombo_seq; Type: SEQUENCE SET; Schema: public; Owner: postgres
--

SELECT pg_catalog.setval('public."Combo_ChiTiet_MaCTCombo_seq"', 20, true);


--
-- TOC entry 5282 (class 0 OID 0)
-- Dependencies: 255
-- Name: Combo_MaCombo_seq; Type: SEQUENCE SET; Schema: public; Owner: postgres
--

SELECT pg_catalog.setval('public."Combo_MaCombo_seq"', 3, true);


--
-- TOC entry 5283 (class 0 OID 0)
-- Dependencies: 259
-- Name: DanhGiaMonAn_MaDanhGiaMonAn_seq; Type: SEQUENCE SET; Schema: public; Owner: postgres
--

SELECT pg_catalog.setval('public."DanhGiaMonAn_MaDanhGiaMonAn_seq"', 31, true);


--
-- TOC entry 5284 (class 0 OID 0)
-- Dependencies: 253
-- Name: DanhGia_MaDanhGia_seq; Type: SEQUENCE SET; Schema: public; Owner: postgres
--

SELECT pg_catalog.setval('public."DanhGia_MaDanhGia_seq"', 12, true);


--
-- TOC entry 5285 (class 0 OID 0)
-- Dependencies: 225
-- Name: DanhMuc_MaDanhMuc_seq; Type: SEQUENCE SET; Schema: public; Owner: postgres
--

SELECT pg_catalog.setval('public."DanhMuc_MaDanhMuc_seq"', 20, true);


--
-- TOC entry 5286 (class 0 OID 0)
-- Dependencies: 234
-- Name: DeBanh_MaDeBanh_seq; Type: SEQUENCE SET; Schema: public; Owner: postgres
--

SELECT pg_catalog.setval('public."DeBanh_MaDeBanh_seq"', 3, true);


--
-- TOC entry 5287 (class 0 OID 0)
-- Dependencies: 244
-- Name: DonHang_MaDonHang_seq; Type: SEQUENCE SET; Schema: public; Owner: postgres
--

SELECT pg_catalog.setval('public."DonHang_MaDonHang_seq"', 111, true);


--
-- TOC entry 5288 (class 0 OID 0)
-- Dependencies: 261
-- Name: KhuyenMai_MaKhuyenMai_seq; Type: SEQUENCE SET; Schema: public; Owner: postgres
--

SELECT pg_catalog.setval('public."KhuyenMai_MaKhuyenMai_seq"', 4, true);


--
-- TOC entry 5289 (class 0 OID 0)
-- Dependencies: 246
-- Name: LichSuTrangThaiDonHang_MaLichSu_seq; Type: SEQUENCE SET; Schema: public; Owner: postgres
--

SELECT pg_catalog.setval('public."LichSuTrangThaiDonHang_MaLichSu_seq"', 202, true);


--
-- TOC entry 5290 (class 0 OID 0)
-- Dependencies: 223
-- Name: LoaiMonAn_MaLoaiMonAn_seq; Type: SEQUENCE SET; Schema: public; Owner: postgres
--

SELECT pg_catalog.setval('public."LoaiMonAn_MaLoaiMonAn_seq"', 6, true);


--
-- TOC entry 5291 (class 0 OID 0)
-- Dependencies: 237
-- Name: LoaiTuyChon_MaLoaiTuyChon_seq; Type: SEQUENCE SET; Schema: public; Owner: postgres
--

SELECT pg_catalog.setval('public."LoaiTuyChon_MaLoaiTuyChon_seq"', 2, true);


--
-- TOC entry 5292 (class 0 OID 0)
-- Dependencies: 227
-- Name: MonAn_MaMonAn_seq; Type: SEQUENCE SET; Schema: public; Owner: postgres
--

SELECT pg_catalog.setval('public."MonAn_MaMonAn_seq"', 11, true);


--
-- TOC entry 5293 (class 0 OID 0)
-- Dependencies: 221
-- Name: NguoiDung_MaNguoiDung_seq; Type: SEQUENCE SET; Schema: public; Owner: postgres
--

SELECT pg_catalog.setval('public."NguoiDung_MaNguoiDung_seq"', 23, true);


--
-- TOC entry 5294 (class 0 OID 0)
-- Dependencies: 266
-- Name: QuaTang_MaQuaTang_seq; Type: SEQUENCE SET; Schema: public; Owner: postgres
--

SELECT pg_catalog.setval('public."QuaTang_MaQuaTang_seq"', 6, true);


--
-- TOC entry 5295 (class 0 OID 0)
-- Dependencies: 272
-- Name: RefreshToken_id_seq; Type: SEQUENCE SET; Schema: public; Owner: postgres
--

SELECT pg_catalog.setval('public."RefreshToken_id_seq"', 25, true);


--
-- TOC entry 5296 (class 0 OID 0)
-- Dependencies: 230
-- Name: Size_MaSize_seq; Type: SEQUENCE SET; Schema: public; Owner: postgres
--

SELECT pg_catalog.setval('public."Size_MaSize_seq"', 2, true);


--
-- TOC entry 5297 (class 0 OID 0)
-- Dependencies: 217
-- Name: TaiKhoan_MaTaiKhoan_seq; Type: SEQUENCE SET; Schema: public; Owner: postgres
--

SELECT pg_catalog.setval('public."TaiKhoan_MaTaiKhoan_seq"', 26, true);


--
-- TOC entry 5298 (class 0 OID 0)
-- Dependencies: 251
-- Name: ThanhToan_MaThanhToan_seq; Type: SEQUENCE SET; Schema: public; Owner: postgres
--

SELECT pg_catalog.setval('public."ThanhToan_MaThanhToan_seq"', 121, true);


--
-- TOC entry 5299 (class 0 OID 0)
-- Dependencies: 239
-- Name: TuyChon_MaTuyChon_seq; Type: SEQUENCE SET; Schema: public; Owner: postgres
--

SELECT pg_catalog.setval('public."TuyChon_MaTuyChon_seq"', 5, true);


--
-- TOC entry 5015 (class 2606 OID 50047)
-- Name: AI_ReviewAnalysis AI_ReviewAnalysis_pkey; Type: CONSTRAINT; Schema: public; Owner: postgres
--

ALTER TABLE ONLY public."AI_ReviewAnalysis"
    ADD CONSTRAINT "AI_ReviewAnalysis_pkey" PRIMARY KEY ("AnalysisID");


--
-- TOC entry 4961 (class 2606 OID 25828)
-- Name: BienTheMonAn BienTheMonAn_pkey; Type: CONSTRAINT; Schema: public; Owner: postgres
--

ALTER TABLE ONLY public."BienTheMonAn"
    ADD CONSTRAINT "BienTheMonAn_pkey" PRIMARY KEY ("MaBienThe");


--
-- TOC entry 4999 (class 2606 OID 33433)
-- Name: ChiTietDonHang_ChiTietCombo ChiTietDonHang_ChiTietCombo_pkey; Type: CONSTRAINT; Schema: public; Owner: postgres
--

ALTER TABLE ONLY public."ChiTietDonHang_ChiTietCombo"
    ADD CONSTRAINT "ChiTietDonHang_ChiTietCombo_pkey" PRIMARY KEY ("MaCTDH_Combo");


--
-- TOC entry 4987 (class 2606 OID 25905)
-- Name: ChiTietDonHang_TuyChon ChiTietDonHang_TuyChon_pkey; Type: CONSTRAINT; Schema: public; Owner: postgres
--

ALTER TABLE ONLY public."ChiTietDonHang_TuyChon"
    ADD CONSTRAINT "ChiTietDonHang_TuyChon_pkey" PRIMARY KEY ("MaChiTiet", "MaTuyChon");


--
-- TOC entry 4985 (class 2606 OID 25900)
-- Name: ChiTietDonHang ChiTietDonHang_pkey; Type: CONSTRAINT; Schema: public; Owner: postgres
--

ALTER TABLE ONLY public."ChiTietDonHang"
    ADD CONSTRAINT "ChiTietDonHang_pkey" PRIMARY KEY ("MaChiTiet");


--
-- TOC entry 4937 (class 2606 OID 25773)
-- Name: CoSo CoSo_pkey; Type: CONSTRAINT; Schema: public; Owner: postgres
--

ALTER TABLE ONLY public."CoSo"
    ADD CONSTRAINT "CoSo_pkey" PRIMARY KEY ("MaCoSo");


--
-- TOC entry 5007 (class 2606 OID 33617)
-- Name: Combo_ChiTiet Combo_ChiTiet_Unique; Type: CONSTRAINT; Schema: public; Owner: postgres
--

ALTER TABLE ONLY public."Combo_ChiTiet"
    ADD CONSTRAINT "Combo_ChiTiet_Unique" UNIQUE ("MaCombo", "MaBienThe");


--
-- TOC entry 5009 (class 2606 OID 33615)
-- Name: Combo_ChiTiet Combo_ChiTiet_pkey; Type: CONSTRAINT; Schema: public; Owner: postgres
--

ALTER TABLE ONLY public."Combo_ChiTiet"
    ADD CONSTRAINT "Combo_ChiTiet_pkey" PRIMARY KEY ("MaCTCombo");


--
-- TOC entry 4997 (class 2606 OID 33357)
-- Name: Combo Combo_pkey; Type: CONSTRAINT; Schema: public; Owner: postgres
--

ALTER TABLE ONLY public."Combo"
    ADD CONSTRAINT "Combo_pkey" PRIMARY KEY ("MaCombo");


--
-- TOC entry 5001 (class 2606 OID 33460)
-- Name: DanhGiaMonAn DanhGiaMonAn_pkey; Type: CONSTRAINT; Schema: public; Owner: postgres
--

ALTER TABLE ONLY public."DanhGiaMonAn"
    ADD CONSTRAINT "DanhGiaMonAn_pkey" PRIMARY KEY ("MaDanhGiaMonAn");


--
-- TOC entry 4993 (class 2606 OID 25927)
-- Name: DanhGiaDonHang DanhGia_MaDonHang_key; Type: CONSTRAINT; Schema: public; Owner: postgres
--

ALTER TABLE ONLY public."DanhGiaDonHang"
    ADD CONSTRAINT "DanhGia_MaDonHang_key" UNIQUE ("MaDonHang");


--
-- TOC entry 4995 (class 2606 OID 25925)
-- Name: DanhGiaDonHang DanhGia_pkey; Type: CONSTRAINT; Schema: public; Owner: postgres
--

ALTER TABLE ONLY public."DanhGiaDonHang"
    ADD CONSTRAINT "DanhGia_pkey" PRIMARY KEY ("MaDanhGiaDonHang");


--
-- TOC entry 4949 (class 2606 OID 25801)
-- Name: DanhMuc DanhMuc_TenDanhMuc_key; Type: CONSTRAINT; Schema: public; Owner: postgres
--

ALTER TABLE ONLY public."DanhMuc"
    ADD CONSTRAINT "DanhMuc_TenDanhMuc_key" UNIQUE ("TenDanhMuc");


--
-- TOC entry 4951 (class 2606 OID 25799)
-- Name: DanhMuc DanhMuc_pkey; Type: CONSTRAINT; Schema: public; Owner: postgres
--

ALTER TABLE ONLY public."DanhMuc"
    ADD CONSTRAINT "DanhMuc_pkey" PRIMARY KEY ("MaDanhMuc");


--
-- TOC entry 4963 (class 2606 OID 25836)
-- Name: DeBanh DeBanh_TenDeBanh_key; Type: CONSTRAINT; Schema: public; Owner: postgres
--

ALTER TABLE ONLY public."DeBanh"
    ADD CONSTRAINT "DeBanh_TenDeBanh_key" UNIQUE ("TenDeBanh");


--
-- TOC entry 4965 (class 2606 OID 25834)
-- Name: DeBanh DeBanh_pkey; Type: CONSTRAINT; Schema: public; Owner: postgres
--

ALTER TABLE ONLY public."DeBanh"
    ADD CONSTRAINT "DeBanh_pkey" PRIMARY KEY ("MaDeBanh");


--
-- TOC entry 5013 (class 2606 OID 41841)
-- Name: DonHang_QuaTang DonHang_QuaTang_pkey; Type: CONSTRAINT; Schema: public; Owner: postgres
--

ALTER TABLE ONLY public."DonHang_QuaTang"
    ADD CONSTRAINT "DonHang_QuaTang_pkey" PRIMARY KEY ("MaDonHang", "MaQuaTang");


--
-- TOC entry 4981 (class 2606 OID 25884)
-- Name: DonHang DonHang_pkey; Type: CONSTRAINT; Schema: public; Owner: postgres
--

ALTER TABLE ONLY public."DonHang"
    ADD CONSTRAINT "DonHang_pkey" PRIMARY KEY ("MaDonHang");


--
-- TOC entry 5003 (class 2606 OID 33483)
-- Name: KhuyenMai KhuyenMai_pkey; Type: CONSTRAINT; Schema: public; Owner: postgres
--

ALTER TABLE ONLY public."KhuyenMai"
    ADD CONSTRAINT "KhuyenMai_pkey" PRIMARY KEY ("MaKhuyenMai");


--
-- TOC entry 4983 (class 2606 OID 25893)
-- Name: LichSuTrangThaiDonHang LichSuTrangThaiDonHang_pkey; Type: CONSTRAINT; Schema: public; Owner: postgres
--

ALTER TABLE ONLY public."LichSuTrangThaiDonHang"
    ADD CONSTRAINT "LichSuTrangThaiDonHang_pkey" PRIMARY KEY ("MaLichSu");


--
-- TOC entry 4945 (class 2606 OID 25793)
-- Name: LoaiMonAn LoaiMonAn_TenLoaiMonAn_key; Type: CONSTRAINT; Schema: public; Owner: postgres
--

ALTER TABLE ONLY public."LoaiMonAn"
    ADD CONSTRAINT "LoaiMonAn_TenLoaiMonAn_key" UNIQUE ("TenLoaiMonAn");


--
-- TOC entry 4947 (class 2606 OID 25791)
-- Name: LoaiMonAn LoaiMonAn_pkey; Type: CONSTRAINT; Schema: public; Owner: postgres
--

ALTER TABLE ONLY public."LoaiMonAn"
    ADD CONSTRAINT "LoaiMonAn_pkey" PRIMARY KEY ("MaLoaiMonAn");


--
-- TOC entry 4969 (class 2606 OID 25849)
-- Name: LoaiTuyChon LoaiTuyChon_TenLoaiTuyChon_key; Type: CONSTRAINT; Schema: public; Owner: postgres
--

ALTER TABLE ONLY public."LoaiTuyChon"
    ADD CONSTRAINT "LoaiTuyChon_TenLoaiTuyChon_key" UNIQUE ("TenLoaiTuyChon");


--
-- TOC entry 4971 (class 2606 OID 25847)
-- Name: LoaiTuyChon LoaiTuyChon_pkey; Type: CONSTRAINT; Schema: public; Owner: postgres
--

ALTER TABLE ONLY public."LoaiTuyChon"
    ADD CONSTRAINT "LoaiTuyChon_pkey" PRIMARY KEY ("MaLoaiTuyChon");


--
-- TOC entry 4955 (class 2606 OID 25814)
-- Name: MonAn_DanhMuc MonAn_DanhMuc_pkey; Type: CONSTRAINT; Schema: public; Owner: postgres
--

ALTER TABLE ONLY public."MonAn_DanhMuc"
    ADD CONSTRAINT "MonAn_DanhMuc_pkey" PRIMARY KEY ("MaMonAn", "MaDanhMuc");


--
-- TOC entry 4967 (class 2606 OID 25841)
-- Name: MonAn_DeBanh MonAn_DeBanh_pkey; Type: CONSTRAINT; Schema: public; Owner: postgres
--

ALTER TABLE ONLY public."MonAn_DeBanh"
    ADD CONSTRAINT "MonAn_DeBanh_pkey" PRIMARY KEY ("MaMonAn", "MaDeBanh");


--
-- TOC entry 5005 (class 2606 OID 33488)
-- Name: MonAn_KhuyenMai MonAn_KhuyenMai_pkey; Type: CONSTRAINT; Schema: public; Owner: postgres
--

ALTER TABLE ONLY public."MonAn_KhuyenMai"
    ADD CONSTRAINT "MonAn_KhuyenMai_pkey" PRIMARY KEY ("MaMonAn", "MaKhuyenMai");


--
-- TOC entry 4977 (class 2606 OID 25866)
-- Name: MonAn_TuyChon MonAn_TuyChon_pkey; Type: CONSTRAINT; Schema: public; Owner: postgres
--

ALTER TABLE ONLY public."MonAn_TuyChon"
    ADD CONSTRAINT "MonAn_TuyChon_pkey" PRIMARY KEY ("MaMonAn", "MaTuyChon");


--
-- TOC entry 4953 (class 2606 OID 25809)
-- Name: MonAn MonAn_pkey; Type: CONSTRAINT; Schema: public; Owner: postgres
--

ALTER TABLE ONLY public."MonAn"
    ADD CONSTRAINT "MonAn_pkey" PRIMARY KEY ("MaMonAn");


--
-- TOC entry 4939 (class 2606 OID 59926)
-- Name: NguoiDung NguoiDung_Email_key; Type: CONSTRAINT; Schema: public; Owner: postgres
--

ALTER TABLE ONLY public."NguoiDung"
    ADD CONSTRAINT "NguoiDung_Email_key" UNIQUE ("Email");


--
-- TOC entry 4941 (class 2606 OID 25785)
-- Name: NguoiDung NguoiDung_SoDienThoai_key; Type: CONSTRAINT; Schema: public; Owner: postgres
--

ALTER TABLE ONLY public."NguoiDung"
    ADD CONSTRAINT "NguoiDung_SoDienThoai_key" UNIQUE ("SoDienThoai");


--
-- TOC entry 4943 (class 2606 OID 25781)
-- Name: NguoiDung NguoiDung_pkey; Type: CONSTRAINT; Schema: public; Owner: postgres
--

ALTER TABLE ONLY public."NguoiDung"
    ADD CONSTRAINT "NguoiDung_pkey" PRIMARY KEY ("MaNguoiDung");


--
-- TOC entry 5011 (class 2606 OID 41835)
-- Name: QuaTang QuaTang_pkey; Type: CONSTRAINT; Schema: public; Owner: postgres
--

ALTER TABLE ONLY public."QuaTang"
    ADD CONSTRAINT "QuaTang_pkey" PRIMARY KEY ("MaQuaTang");


--
-- TOC entry 5020 (class 2606 OID 61170)
-- Name: RefreshToken RefreshToken_pkey; Type: CONSTRAINT; Schema: public; Owner: postgres
--

ALTER TABLE ONLY public."RefreshToken"
    ADD CONSTRAINT "RefreshToken_pkey" PRIMARY KEY (id);


--
-- TOC entry 4957 (class 2606 OID 25822)
-- Name: Size Size_TenSize_key; Type: CONSTRAINT; Schema: public; Owner: postgres
--

ALTER TABLE ONLY public."Size"
    ADD CONSTRAINT "Size_TenSize_key" UNIQUE ("TenSize");


--
-- TOC entry 4959 (class 2606 OID 25820)
-- Name: Size Size_pkey; Type: CONSTRAINT; Schema: public; Owner: postgres
--

ALTER TABLE ONLY public."Size"
    ADD CONSTRAINT "Size_pkey" PRIMARY KEY ("MaSize");


--
-- TOC entry 4935 (class 2606 OID 25763)
-- Name: TaiKhoan TaiKhoan_pkey; Type: CONSTRAINT; Schema: public; Owner: postgres
--

ALTER TABLE ONLY public."TaiKhoan"
    ADD CONSTRAINT "TaiKhoan_pkey" PRIMARY KEY ("MaTaiKhoan");


--
-- TOC entry 4989 (class 2606 OID 25916)
-- Name: ThanhToan ThanhToan_MaGiaoDich_key; Type: CONSTRAINT; Schema: public; Owner: postgres
--

ALTER TABLE ONLY public."ThanhToan"
    ADD CONSTRAINT "ThanhToan_MaGiaoDich_key" UNIQUE ("MaGiaoDich");


--
-- TOC entry 4991 (class 2606 OID 25912)
-- Name: ThanhToan ThanhToan_pkey; Type: CONSTRAINT; Schema: public; Owner: postgres
--

ALTER TABLE ONLY public."ThanhToan"
    ADD CONSTRAINT "ThanhToan_pkey" PRIMARY KEY ("MaThanhToan");


--
-- TOC entry 4975 (class 2606 OID 25861)
-- Name: TuyChon_Gia TuyChon_Gia_pkey; Type: CONSTRAINT; Schema: public; Owner: postgres
--

ALTER TABLE ONLY public."TuyChon_Gia"
    ADD CONSTRAINT "TuyChon_Gia_pkey" PRIMARY KEY ("MaTuyChon", "MaSize");


--
-- TOC entry 4973 (class 2606 OID 25855)
-- Name: TuyChon TuyChon_pkey; Type: CONSTRAINT; Schema: public; Owner: postgres
--

ALTER TABLE ONLY public."TuyChon"
    ADD CONSTRAINT "TuyChon_pkey" PRIMARY KEY ("MaTuyChon");


--
-- TOC entry 4979 (class 2606 OID 25875)
-- Name: Voucher Voucher_pkey; Type: CONSTRAINT; Schema: public; Owner: postgres
--

ALTER TABLE ONLY public."Voucher"
    ADD CONSTRAINT "Voucher_pkey" PRIMARY KEY ("MaVoucher");


--
-- TOC entry 5017 (class 2606 OID 60335)
-- Name: _prisma_migrations _prisma_migrations_pkey; Type: CONSTRAINT; Schema: public; Owner: postgres
--

ALTER TABLE ONLY public._prisma_migrations
    ADD CONSTRAINT _prisma_migrations_pkey PRIMARY KEY (id);


--
-- TOC entry 5018 (class 1259 OID 61171)
-- Name: RefreshToken_maTaiKhoan_idx; Type: INDEX; Schema: public; Owner: postgres
--

CREATE INDEX "RefreshToken_maTaiKhoan_idx" ON public."RefreshToken" USING btree ("maTaiKhoan");


--
-- TOC entry 4933 (class 1259 OID 60364)
-- Name: TaiKhoan_MaNguoiDung_idx; Type: INDEX; Schema: public; Owner: postgres
--

CREATE INDEX "TaiKhoan_MaNguoiDung_idx" ON public."TaiKhoan" USING btree ("MaNguoiDung");


--
-- TOC entry 5026 (class 2606 OID 25953)
-- Name: BienTheMonAn BienTheMonAn_MaMonAn_fkey; Type: FK CONSTRAINT; Schema: public; Owner: postgres
--

ALTER TABLE ONLY public."BienTheMonAn"
    ADD CONSTRAINT "BienTheMonAn_MaMonAn_fkey" FOREIGN KEY ("MaMonAn") REFERENCES public."MonAn"("MaMonAn");


--
-- TOC entry 5027 (class 2606 OID 25958)
-- Name: BienTheMonAn BienTheMonAn_MaSize_fkey; Type: FK CONSTRAINT; Schema: public; Owner: postgres
--

ALTER TABLE ONLY public."BienTheMonAn"
    ADD CONSTRAINT "BienTheMonAn_MaSize_fkey" FOREIGN KEY ("MaSize") REFERENCES public."Size"("MaSize");


--
-- TOC entry 5048 (class 2606 OID 33439)
-- Name: ChiTietDonHang_ChiTietCombo ChiTietDonHang_ChiTietCombo_MaBienThe_fkey; Type: FK CONSTRAINT; Schema: public; Owner: postgres
--

ALTER TABLE ONLY public."ChiTietDonHang_ChiTietCombo"
    ADD CONSTRAINT "ChiTietDonHang_ChiTietCombo_MaBienThe_fkey" FOREIGN KEY ("MaBienThe") REFERENCES public."BienTheMonAn"("MaBienThe");


--
-- TOC entry 5049 (class 2606 OID 33434)
-- Name: ChiTietDonHang_ChiTietCombo ChiTietDonHang_ChiTietCombo_MaChiTietDonHang_fkey; Type: FK CONSTRAINT; Schema: public; Owner: postgres
--

ALTER TABLE ONLY public."ChiTietDonHang_ChiTietCombo"
    ADD CONSTRAINT "ChiTietDonHang_ChiTietCombo_MaChiTietDonHang_fkey" FOREIGN KEY ("MaChiTietDonHang") REFERENCES public."ChiTietDonHang"("MaChiTiet") ON DELETE CASCADE;


--
-- TOC entry 5050 (class 2606 OID 33444)
-- Name: ChiTietDonHang_ChiTietCombo ChiTietDonHang_ChiTietCombo_MaDeBanh_fkey; Type: FK CONSTRAINT; Schema: public; Owner: postgres
--

ALTER TABLE ONLY public."ChiTietDonHang_ChiTietCombo"
    ADD CONSTRAINT "ChiTietDonHang_ChiTietCombo_MaDeBanh_fkey" FOREIGN KEY ("MaDeBanh") REFERENCES public."DeBanh"("MaDeBanh");


--
-- TOC entry 5040 (class 2606 OID 26028)
-- Name: ChiTietDonHang ChiTietDonHang_MaBienThe_fkey; Type: FK CONSTRAINT; Schema: public; Owner: postgres
--

ALTER TABLE ONLY public."ChiTietDonHang"
    ADD CONSTRAINT "ChiTietDonHang_MaBienThe_fkey" FOREIGN KEY ("MaBienThe") REFERENCES public."BienTheMonAn"("MaBienThe");


--
-- TOC entry 5041 (class 2606 OID 33374)
-- Name: ChiTietDonHang ChiTietDonHang_MaCombo_fkey; Type: FK CONSTRAINT; Schema: public; Owner: postgres
--

ALTER TABLE ONLY public."ChiTietDonHang"
    ADD CONSTRAINT "ChiTietDonHang_MaCombo_fkey" FOREIGN KEY ("MaCombo") REFERENCES public."Combo"("MaCombo");


--
-- TOC entry 5042 (class 2606 OID 26033)
-- Name: ChiTietDonHang ChiTietDonHang_MaDeBanh_fkey; Type: FK CONSTRAINT; Schema: public; Owner: postgres
--

ALTER TABLE ONLY public."ChiTietDonHang"
    ADD CONSTRAINT "ChiTietDonHang_MaDeBanh_fkey" FOREIGN KEY ("MaDeBanh") REFERENCES public."DeBanh"("MaDeBanh");


--
-- TOC entry 5043 (class 2606 OID 26023)
-- Name: ChiTietDonHang ChiTietDonHang_MaDonHang_fkey; Type: FK CONSTRAINT; Schema: public; Owner: postgres
--

ALTER TABLE ONLY public."ChiTietDonHang"
    ADD CONSTRAINT "ChiTietDonHang_MaDonHang_fkey" FOREIGN KEY ("MaDonHang") REFERENCES public."DonHang"("MaDonHang");


--
-- TOC entry 5044 (class 2606 OID 26038)
-- Name: ChiTietDonHang_TuyChon ChiTietDonHang_TuyChon_MaChiTiet_fkey; Type: FK CONSTRAINT; Schema: public; Owner: postgres
--

ALTER TABLE ONLY public."ChiTietDonHang_TuyChon"
    ADD CONSTRAINT "ChiTietDonHang_TuyChon_MaChiTiet_fkey" FOREIGN KEY ("MaChiTiet") REFERENCES public."ChiTietDonHang"("MaChiTiet");


--
-- TOC entry 5045 (class 2606 OID 26043)
-- Name: ChiTietDonHang_TuyChon ChiTietDonHang_TuyChon_MaTuyChon_fkey; Type: FK CONSTRAINT; Schema: public; Owner: postgres
--

ALTER TABLE ONLY public."ChiTietDonHang_TuyChon"
    ADD CONSTRAINT "ChiTietDonHang_TuyChon_MaTuyChon_fkey" FOREIGN KEY ("MaTuyChon") REFERENCES public."TuyChon"("MaTuyChon");


--
-- TOC entry 5055 (class 2606 OID 33623)
-- Name: Combo_ChiTiet Combo_ChiTiet_MaBienThe_fkey; Type: FK CONSTRAINT; Schema: public; Owner: postgres
--

ALTER TABLE ONLY public."Combo_ChiTiet"
    ADD CONSTRAINT "Combo_ChiTiet_MaBienThe_fkey" FOREIGN KEY ("MaBienThe") REFERENCES public."BienTheMonAn"("MaBienThe");


--
-- TOC entry 5056 (class 2606 OID 33618)
-- Name: Combo_ChiTiet Combo_ChiTiet_MaCombo_fkey; Type: FK CONSTRAINT; Schema: public; Owner: postgres
--

ALTER TABLE ONLY public."Combo_ChiTiet"
    ADD CONSTRAINT "Combo_ChiTiet_MaCombo_fkey" FOREIGN KEY ("MaCombo") REFERENCES public."Combo"("MaCombo") ON DELETE CASCADE;


--
-- TOC entry 5057 (class 2606 OID 33628)
-- Name: Combo_ChiTiet Combo_ChiTiet_MaDeBanh_fkey; Type: FK CONSTRAINT; Schema: public; Owner: postgres
--

ALTER TABLE ONLY public."Combo_ChiTiet"
    ADD CONSTRAINT "Combo_ChiTiet_MaDeBanh_fkey" FOREIGN KEY ("MaDeBanh") REFERENCES public."DeBanh"("MaDeBanh");


--
-- TOC entry 5051 (class 2606 OID 33461)
-- Name: DanhGiaMonAn DanhGiaMonAn_MaMonAn_fkey; Type: FK CONSTRAINT; Schema: public; Owner: postgres
--

ALTER TABLE ONLY public."DanhGiaMonAn"
    ADD CONSTRAINT "DanhGiaMonAn_MaMonAn_fkey" FOREIGN KEY ("MaMonAn") REFERENCES public."MonAn"("MaMonAn") ON DELETE CASCADE;


--
-- TOC entry 5052 (class 2606 OID 33466)
-- Name: DanhGiaMonAn DanhGiaMonAn_MaTaiKhoan_fkey; Type: FK CONSTRAINT; Schema: public; Owner: postgres
--

ALTER TABLE ONLY public."DanhGiaMonAn"
    ADD CONSTRAINT "DanhGiaMonAn_MaTaiKhoan_fkey" FOREIGN KEY ("MaTaiKhoan") REFERENCES public."TaiKhoan"("MaTaiKhoan") ON DELETE CASCADE;


--
-- TOC entry 5047 (class 2606 OID 26053)
-- Name: DanhGiaDonHang DanhGia_MaDonHang_fkey; Type: FK CONSTRAINT; Schema: public; Owner: postgres
--

ALTER TABLE ONLY public."DanhGiaDonHang"
    ADD CONSTRAINT "DanhGia_MaDonHang_fkey" FOREIGN KEY ("MaDonHang") REFERENCES public."DonHang"("MaDonHang");


--
-- TOC entry 5035 (class 2606 OID 26003)
-- Name: DonHang DonHang_MaCoSo_fkey; Type: FK CONSTRAINT; Schema: public; Owner: postgres
--

ALTER TABLE ONLY public."DonHang"
    ADD CONSTRAINT "DonHang_MaCoSo_fkey" FOREIGN KEY ("MaCoSo") REFERENCES public."CoSo"("MaCoSo");


--
-- TOC entry 5036 (class 2606 OID 26008)
-- Name: DonHang DonHang_MaNguoiDungGiaoHang_fkey; Type: FK CONSTRAINT; Schema: public; Owner: postgres
--

ALTER TABLE ONLY public."DonHang"
    ADD CONSTRAINT "DonHang_MaNguoiDungGiaoHang_fkey" FOREIGN KEY ("MaNguoiDungGiaoHang") REFERENCES public."NguoiDung"("MaNguoiDung");


--
-- TOC entry 5037 (class 2606 OID 25998)
-- Name: DonHang DonHang_MaNguoiDung_fkey; Type: FK CONSTRAINT; Schema: public; Owner: postgres
--

ALTER TABLE ONLY public."DonHang"
    ADD CONSTRAINT "DonHang_MaNguoiDung_fkey" FOREIGN KEY ("MaNguoiDung") REFERENCES public."NguoiDung"("MaNguoiDung");


--
-- TOC entry 5038 (class 2606 OID 26013)
-- Name: DonHang DonHang_MaVoucher_fkey; Type: FK CONSTRAINT; Schema: public; Owner: postgres
--

ALTER TABLE ONLY public."DonHang"
    ADD CONSTRAINT "DonHang_MaVoucher_fkey" FOREIGN KEY ("MaVoucher") REFERENCES public."Voucher"("MaVoucher");


--
-- TOC entry 5058 (class 2606 OID 41842)
-- Name: DonHang_QuaTang FK_DonHang_QuaTang_DonHang; Type: FK CONSTRAINT; Schema: public; Owner: postgres
--

ALTER TABLE ONLY public."DonHang_QuaTang"
    ADD CONSTRAINT "FK_DonHang_QuaTang_DonHang" FOREIGN KEY ("MaDonHang") REFERENCES public."DonHang"("MaDonHang");


--
-- TOC entry 5059 (class 2606 OID 41847)
-- Name: DonHang_QuaTang FK_DonHang_QuaTang_QuaTang; Type: FK CONSTRAINT; Schema: public; Owner: postgres
--

ALTER TABLE ONLY public."DonHang_QuaTang"
    ADD CONSTRAINT "FK_DonHang_QuaTang_QuaTang" FOREIGN KEY ("MaQuaTang") REFERENCES public."QuaTang"("MaQuaTang");


--
-- TOC entry 5039 (class 2606 OID 26018)
-- Name: LichSuTrangThaiDonHang LichSuTrangThaiDonHang_MaDonHang_fkey; Type: FK CONSTRAINT; Schema: public; Owner: postgres
--

ALTER TABLE ONLY public."LichSuTrangThaiDonHang"
    ADD CONSTRAINT "LichSuTrangThaiDonHang_MaDonHang_fkey" FOREIGN KEY ("MaDonHang") REFERENCES public."DonHang"("MaDonHang");


--
-- TOC entry 5024 (class 2606 OID 25948)
-- Name: MonAn_DanhMuc MonAn_DanhMuc_MaDanhMuc_fkey; Type: FK CONSTRAINT; Schema: public; Owner: postgres
--

ALTER TABLE ONLY public."MonAn_DanhMuc"
    ADD CONSTRAINT "MonAn_DanhMuc_MaDanhMuc_fkey" FOREIGN KEY ("MaDanhMuc") REFERENCES public."DanhMuc"("MaDanhMuc");


--
-- TOC entry 5025 (class 2606 OID 25943)
-- Name: MonAn_DanhMuc MonAn_DanhMuc_MaMonAn_fkey; Type: FK CONSTRAINT; Schema: public; Owner: postgres
--

ALTER TABLE ONLY public."MonAn_DanhMuc"
    ADD CONSTRAINT "MonAn_DanhMuc_MaMonAn_fkey" FOREIGN KEY ("MaMonAn") REFERENCES public."MonAn"("MaMonAn");


--
-- TOC entry 5028 (class 2606 OID 25968)
-- Name: MonAn_DeBanh MonAn_DeBanh_MaDeBanh_fkey; Type: FK CONSTRAINT; Schema: public; Owner: postgres
--

ALTER TABLE ONLY public."MonAn_DeBanh"
    ADD CONSTRAINT "MonAn_DeBanh_MaDeBanh_fkey" FOREIGN KEY ("MaDeBanh") REFERENCES public."DeBanh"("MaDeBanh");


--
-- TOC entry 5029 (class 2606 OID 25963)
-- Name: MonAn_DeBanh MonAn_DeBanh_MaMonAn_fkey; Type: FK CONSTRAINT; Schema: public; Owner: postgres
--

ALTER TABLE ONLY public."MonAn_DeBanh"
    ADD CONSTRAINT "MonAn_DeBanh_MaMonAn_fkey" FOREIGN KEY ("MaMonAn") REFERENCES public."MonAn"("MaMonAn");


--
-- TOC entry 5023 (class 2606 OID 25938)
-- Name: MonAn MonAn_MaLoaiMonAn_fkey; Type: FK CONSTRAINT; Schema: public; Owner: postgres
--

ALTER TABLE ONLY public."MonAn"
    ADD CONSTRAINT "MonAn_MaLoaiMonAn_fkey" FOREIGN KEY ("MaLoaiMonAn") REFERENCES public."LoaiMonAn"("MaLoaiMonAn");


--
-- TOC entry 5033 (class 2606 OID 25988)
-- Name: MonAn_TuyChon MonAn_TuyChon_MaMonAn_fkey; Type: FK CONSTRAINT; Schema: public; Owner: postgres
--

ALTER TABLE ONLY public."MonAn_TuyChon"
    ADD CONSTRAINT "MonAn_TuyChon_MaMonAn_fkey" FOREIGN KEY ("MaMonAn") REFERENCES public."MonAn"("MaMonAn");


--
-- TOC entry 5034 (class 2606 OID 25993)
-- Name: MonAn_TuyChon MonAn_TuyChon_MaTuyChon_fkey; Type: FK CONSTRAINT; Schema: public; Owner: postgres
--

ALTER TABLE ONLY public."MonAn_TuyChon"
    ADD CONSTRAINT "MonAn_TuyChon_MaTuyChon_fkey" FOREIGN KEY ("MaTuyChon") REFERENCES public."TuyChon"("MaTuyChon");


--
-- TOC entry 5022 (class 2606 OID 25933)
-- Name: NguoiDung NguoiDung_MaCoSo_fkey; Type: FK CONSTRAINT; Schema: public; Owner: postgres
--

ALTER TABLE ONLY public."NguoiDung"
    ADD CONSTRAINT "NguoiDung_MaCoSo_fkey" FOREIGN KEY ("MaCoSo") REFERENCES public."CoSo"("MaCoSo");


--
-- TOC entry 5061 (class 2606 OID 61172)
-- Name: RefreshToken RefreshToken_maTaiKhoan_fkey; Type: FK CONSTRAINT; Schema: public; Owner: postgres
--

ALTER TABLE ONLY public."RefreshToken"
    ADD CONSTRAINT "RefreshToken_maTaiKhoan_fkey" FOREIGN KEY ("maTaiKhoan") REFERENCES public."TaiKhoan"("MaTaiKhoan") ON UPDATE CASCADE ON DELETE CASCADE;


--
-- TOC entry 5021 (class 2606 OID 60322)
-- Name: TaiKhoan TaiKhoan_MaNguoiDung_fkey; Type: FK CONSTRAINT; Schema: public; Owner: postgres
--

ALTER TABLE ONLY public."TaiKhoan"
    ADD CONSTRAINT "TaiKhoan_MaNguoiDung_fkey" FOREIGN KEY ("MaNguoiDung") REFERENCES public."NguoiDung"("MaNguoiDung");


--
-- TOC entry 5046 (class 2606 OID 26048)
-- Name: ThanhToan ThanhToan_MaDonHang_fkey; Type: FK CONSTRAINT; Schema: public; Owner: postgres
--

ALTER TABLE ONLY public."ThanhToan"
    ADD CONSTRAINT "ThanhToan_MaDonHang_fkey" FOREIGN KEY ("MaDonHang") REFERENCES public."DonHang"("MaDonHang");


--
-- TOC entry 5031 (class 2606 OID 25983)
-- Name: TuyChon_Gia TuyChon_Gia_MaSize_fkey; Type: FK CONSTRAINT; Schema: public; Owner: postgres
--

ALTER TABLE ONLY public."TuyChon_Gia"
    ADD CONSTRAINT "TuyChon_Gia_MaSize_fkey" FOREIGN KEY ("MaSize") REFERENCES public."Size"("MaSize");


--
-- TOC entry 5032 (class 2606 OID 25978)
-- Name: TuyChon_Gia TuyChon_Gia_MaTuyChon_fkey; Type: FK CONSTRAINT; Schema: public; Owner: postgres
--

ALTER TABLE ONLY public."TuyChon_Gia"
    ADD CONSTRAINT "TuyChon_Gia_MaTuyChon_fkey" FOREIGN KEY ("MaTuyChon") REFERENCES public."TuyChon"("MaTuyChon");


--
-- TOC entry 5030 (class 2606 OID 25973)
-- Name: TuyChon TuyChon_MaLoaiTuyChon_fkey; Type: FK CONSTRAINT; Schema: public; Owner: postgres
--

ALTER TABLE ONLY public."TuyChon"
    ADD CONSTRAINT "TuyChon_MaLoaiTuyChon_fkey" FOREIGN KEY ("MaLoaiTuyChon") REFERENCES public."LoaiTuyChon"("MaLoaiTuyChon");


--
-- TOC entry 5053 (class 2606 OID 33494)
-- Name: MonAn_KhuyenMai fk_khuyenmai; Type: FK CONSTRAINT; Schema: public; Owner: postgres
--

ALTER TABLE ONLY public."MonAn_KhuyenMai"
    ADD CONSTRAINT fk_khuyenmai FOREIGN KEY ("MaKhuyenMai") REFERENCES public."KhuyenMai"("MaKhuyenMai") ON DELETE CASCADE;


--
-- TOC entry 5054 (class 2606 OID 33489)
-- Name: MonAn_KhuyenMai fk_monan; Type: FK CONSTRAINT; Schema: public; Owner: postgres
--

ALTER TABLE ONLY public."MonAn_KhuyenMai"
    ADD CONSTRAINT fk_monan FOREIGN KEY ("MaMonAn") REFERENCES public."MonAn"("MaMonAn") ON DELETE CASCADE;


--
-- TOC entry 5060 (class 2606 OID 50048)
-- Name: AI_ReviewAnalysis fk_review; Type: FK CONSTRAINT; Schema: public; Owner: postgres
--

ALTER TABLE ONLY public."AI_ReviewAnalysis"
    ADD CONSTRAINT fk_review FOREIGN KEY ("MaDanhGiaDonHang") REFERENCES public."DanhGiaDonHang"("MaDanhGiaDonHang") ON DELETE CASCADE;


-- Completed on 2026-03-16 16:19:30

--
-- PostgreSQL database dump complete
--

